file,title,date,body_chars,word_count,unique_words,lexical_diversity,finance_mentions,finance_mentions_per_1k,theme_Economy/taxes,theme_Immigration/border,theme_Foreign policy,theme_Energy/environment,theme_Legal/investigations,theme_Media/opposition,finance_tariffs/trade,finance_taxes,finance_inflation/prices,finance_jobs/labor,finance_markets/stocks,finance_rates/debt,finance_energy/oil,finance_china
01032026-0.txt,"TRANSCRIPT: President Trump Calls in for a Live Interview on Fox and Friends Weekend, 1.03.26",2026-01-03,29166,2013,749,0.3720814704421262,23,11.425732737208149,4,10,19,8,3,13,0,0,4,6,2,0,8,3
01032026-1.txt,"TRANSCRIPT: President Trump Discusses the Capture of Nicolás Maduro in Venezuela, 1.03.26",2026-01-03,55852,4224,1507,0.3567708333333333,42,9.943181818181818,4,4,46,32,21,12,2,0,0,5,0,2,31,2
01042026-0.txt,"TRANSCRIPT: President Trump Speaks to Reporters on Board Air Force One, 1.4.26",2026-01-04,40296,2900,1007,0.3472413793103448,59,20.344827586206893,24,1,34,29,7,6,15,0,4,7,0,1,29,3
01062026-0.txt,"TRANSCRIPT: President Trump Addresses a GOP House Member Retreat, 1.06.26",2026-01-06,76915,5764,1466,0.2543372657876475,102,17.696044413601665,60,11,9,6,12,43,18,20,17,22,11,4,6,4
01072026-0.txt,"TRANSCRIPT: President Trump Speaks with Reporters from the New York Times, 1.07.26",2026-01-07,121466,8642,2026,0.23443647303864845,136,15.737097894006016,64,44,135,16,14,37,23,0,20,25,0,15,16,37
01082026-0.txt,"TRANSCRIPT: President Trump Speaks with Sean Hannity at the White House, 1.08.26",2026-01-08,44696,3369,1127,0.3345206292668448,72,21.3713268032057,38,10,50,32,6,17,0,7,11,15,2,4,32,1
01092026-0.txt,"TRANSCRIPT: President Trump Speaks to Reporters Before Marine One Departure, 1.9.26",2026-01-09,2026,147,99,0.673469387755102,6,40.816326530612244,1,0,0,4,0,0,0,0,1,0,0,0,5,0
01092026-1.txt,"TRANSCRIPT: President Trump Meets with Oil and Gas Executives at the White House, 1.09.26",2026-01-09,90344,6399,1759,0.2748867010470386,201,31.411157993436476,30,7,96,124,14,15,1,1,10,23,6,5,125,30
01132026-0.txt,"TRANSCRIPT: President Trump Speaks to Reporters After Air Force One Arrival, 1.13.26",2026-01-13,8775,605,330,0.5454545454545454,15,24.793388429752067,3,0,14,0,1,1,1,0,0,1,6,3,0,4
01132026-1.txt,"TRANSCRIPT: President Trump Speaks to Tony Dokupil of CBS News in Dearborn, 1.13.26",2026-01-13,16499,1198,526,0.43906510851419034,37,30.884808013355595,22,3,13,4,2,3,0,0,8,19,6,2,0,2
01142026-0.txt,"TRANSCRIPT: President Trump Signs a Law to Permit Whole Milk in Schools, 1.14.26",2026-01-14,45553,3511,1201,0.3420677869552834,42,11.962403873540303,23,0,21,2,11,10,13,0,3,11,2,4,2,7
01152026-0.txt,"TRANSCRIPT: President Trump Vlog: Healthcare Plan, 1.15.26",2026-01-15,4818,403,247,0.6129032258064516,14,34.7394540942928,7,0,0,0,0,0,1,0,12,0,1,0,0,0
01152026-1.txt,"TRANSCRIPT: President Trump Welcomes the Champion Florida Panthers to the White House, 1.15.26",2026-01-15,14743,1155,548,0.47445887445887447,22,19.04761904761905,4,3,0,3,2,0,0,2,2,11,3,0,4,0
01162026-0.txt,"TRANSCRIPT: President Trump Attends a Roundtable on Rural Health at the White House, 1.16.26",2026-01-16,65713,5029,1506,0.2994631139391529,85,16.901968582223105,40,1,4,1,6,17,10,9,42,16,4,3,1,0
01162026-1.txt,"TRANSCRIPT: President Trump Attends a Southern Boulevard Naming Ceremony at Mar-a-Lago, 1.16.26",2026-01-16,24544,1842,733,0.3979370249728556,31,16.82953311617807,11,4,6,1,5,4,3,4,0,16,4,1,1,2
01162026-2.txt,"TRANSCRIPT: President Trump Speaks to Reporters Before Marine One Departure, 1.16.26",2026-01-16,5598,392,241,0.6147959183673469,6,15.306122448979592,3,0,10,0,0,0,3,0,0,0,0,0,0,3
01192026-0.txt,"TRANSCRIPT: President Trump Exchanges Text Messages with Jonas Gahr Støre of Norway, 1.19.26",2026-01-19,1864,144,123,0.8541666666666666,2,13.888888888888888,1,0,7,0,0,0,1,0,0,0,0,0,0,1
01192026-1.txt,"TRANSCRIPT: President Trump Speaks to Reporters Before Air Force One Departure, 1.19.26",2026-01-19,7141,501,287,0.5728542914171657,16,31.936127744510976,12,0,14,1,0,0,1,1,8,0,2,1,1,2
01202026-0.txt,"TRANSCRIPT: President Trump Speaks with Katie Pavlich of News Nation, 1.20.26",2026-01-20,42393,3126,1110,0.3550863723608445,53,16.95457453614843,40,8,19,8,5,29,11,7,10,16,0,3,2,4
01202026-1.txt,"TRANSCRIPT: President Trump Speaks to Reporters Before Marine One Departure, 1.20.26",2026-01-20,650,48,40,0.8333333333333334,1,20.833333333333332,1,0,0,0,0,0,0,0,1,0,0,0,0,0
01202026-2.txt,"TRANSCRIPT: President Trump Leads the Press Briefing at the White House, 1.20.26",2026-01-20,97765,7302,1935,0.26499589153656533,190,26.020268419611064,117,34,84,37,19,50,49,5,36,44,9,13,20,14
01212026-0.txt,"TRANSCRIPT: President Trump Speaks to Reporters Prior to Event Departure, 1.21.26",2026-01-21,3964,279,154,0.5519713261648745,1,3.5842293906810037,0,0,11,0,0,0,0,0,0,1,0,0,0,0
01212026-1.txt,"TRANSCRIPT: President Trump Delivers an Address at the World Economic Forum in Davos, 1.21.26",2026-01-21,81849,6322,1800,0.2847200253084467,214,33.85004745333755,94,20,118,41,2,32,23,6,38,23,28,43,34,19
01212026-2.txt,"TRANSCRIPT: President Trump Holds a Bilat with Guy Parmelin of Switzerland, 1.21.26",2026-01-21,3111,209,134,0.6411483253588517,1,4.784688995215311,0,0,0,0,0,1,0,0,0,1,0,0,0,0
01212026-3.txt,"TRANSCRIPT: President Trump Speaks to Joe Kernen of CNBC on The Exchange, 1.21.26",2026-01-21,19662,1410,590,0.41843971631205673,31,21.98581560283688,16,0,23,3,2,2,4,0,5,3,9,5,3,2
01212026-4.txt,"TRANSCRIPT: President Trump Holds a Bilat with Abdel Fattah el-Sisi of Egypt in Davos, 1.21.26",2026-01-21,8306,562,306,0.5444839857651246,0,0.0,0,0,16,0,0,4,0,0,0,0,0,0,0,0
01212026-5.txt,"TRANSCRIPT: President Trump Vlog: Freedom 250, 1.21.26",2026-01-21,2076,172,149,0.8662790697674418,0,0.0,0,0,2,0,0,0,0,0,0,0,0,0,0,0
01212026-6.txt,"TRANSCRIPT: President Trump Addresses a Reception for Business Leaders in Davos, 1.21.26",2026-01-21,16061,1175,530,0.451063829787234,12,10.212765957446807,3,5,3,0,4,4,2,0,0,10,0,0,0,0
01212026-7.txt,"TRANSCRIPT: President Trump Holds A Bilateral Meeting with Mark Rutte of NATO in Davos, 1.21.26",2026-01-21,5543,370,222,0.6,8,21.62162162162162,0,1,9,0,0,2,0,0,7,1,0,0,0,0
01222026-0.txt,"TRANSCRIPT: President Trump Speaks to Reporters After Ukraine Bilat in Davos, 1.22.26",2026-01-22,1596,102,55,0.5392156862745098,0,0.0,0,0,9,0,0,0,0,0,0,0,0,0,0,0
01222026-1.txt,"TRANSCRIPT: President Trump Speaks to Reporters on Board Air Force One, 1.22.26",2026-01-22,29519,2107,776,0.368296155671571,52,24.679639297579495,23,9,39,8,5,13,5,4,8,10,9,3,9,4
01222026-2.txt,"TRANSCRIPT: President Trump Delivers an Address at the First Board of Peace Meeting in Davos, 1.22.26",2026-01-22,45769,3409,1260,0.36960985626283366,32,9.386916984452919,15,2,82,6,3,6,3,0,2,13,3,5,6,0
01222026-3.txt,"TRANSCRIPT: President Trump Speaks with Maria Bartiromo on Fox Business, 1.22.26",2026-01-22,26351,1881,754,0.4008506113769272,43,22.860180754917597,20,7,17,2,4,10,4,4,6,6,13,6,3,1
01232026-0.txt,"TRANSCRIPT: President Trump Vlog: March for Life Message, 1.23.26",2026-01-23,1873,167,132,0.7904191616766467,0,0.0,0,0,0,0,0,0,0,0,0,0,0,0,0,0
01272026-0.txt,"TRANSCRIPT: President Trump Delivers an Address on the Economy and Energy in Clive, Iowa, 1.27.26",2026-01-27,49039,3819,1190,0.3115998952605394,127,33.254778737889495,73,11,6,7,3,43,16,23,32,23,14,12,3,4
01272026-1.txt,"TRANSCRIPT: President Trump Speaks to Reporters Before Marine One Departure, 1.27.26",2026-01-27,6055,405,214,0.528395061728395,12,29.62962962962963,5,11,6,2,3,5,0,0,4,3,0,3,2,0
01272026-2.txt,"TRANSCRIPT: President Trump Speaks with Sid Rosenberg of WABC Radio, 1.27.26",2026-01-27,22794,1637,664,0.405620036652413,15,9.16310323762981,2,2,28,1,1,7,0,1,1,7,5,0,1,0
01272026-3.txt,"TRANSCRIPT: President Trump Speaks to Diners at a Restaurant in Iowa, 1.27.26",2026-01-27,16559,1111,458,0.41224122412241226,14,12.601260126012601,10,6,2,2,0,7,6,3,1,1,0,0,2,1
01272026-4.txt,"TRANSCRIPT: President Trump is interviewed by Will Cain on Fox News’ “Will Cain Show”, 1.27.26",2026-01-27,26610,2005,773,0.3855361596009975,33,16.458852867830426,25,23,9,0,3,9,13,0,10,7,0,0,0,3
01282026-0.txt,"TRANSCRIPT: President Trump Discusses His Plan for Savings Accounts for Children, 1.28.26",2026-01-28,40723,3137,1138,0.36276697481670384,43,13.70736372330252,23,0,0,1,4,6,1,14,2,18,2,6,0,0
01292026-0.txt,"TRANSCRIPT: President Trump Speaks to Reporters at a Movie Premiere, 1.29.26",2026-01-29,63391,4306,754,0.1751045053413841,62,14.398513701811426,20,22,34,0,2,36,2,2,6,24,2,16,0,10
01292026-1.txt,"TRANSCRIPT: President Trump Holds a Cabinet Meeting at the White House, 1.29.26",2026-01-29,80805,6142,1723,0.2805275154672745,242,39.40084662976229,108,9,40,75,6,39,22,22,54,33,18,39,45,9
01292026-2.txt,"TRANSCRIPT: President Trump Announces Efforts to Combat Drug Addiction, 1.29.26",2026-01-29,20902,1650,797,0.48303030303030303,17,10.303030303030303,2,2,8,1,1,4,0,0,0,17,0,0,0,0
01302026-0.txt,"TRANSCRIPT: President Trump Signs Executive Orders in the Oval Office, 1.30.26",2026-01-30,32883,2481,891,0.3591293833131802,36,14.510278113663846,19,5,11,1,2,9,0,12,3,11,4,5,1,0
01302026-1.txt,"TRANSCRIPT: President Trump Speaks to Reporters On Board Air Force One, 1.30.26",2026-01-30,19929,1403,586,0.41767640769779046,35,24.94654312188168,3,4,19,11,1,7,2,0,0,5,0,4,11,13
02012026-0.txt,"TRANSCRIPT: President Trump Speaks to Reporters Outside a Wedding at Mar-a-Lago, 2.1.26",2026-02-01,3523,243,164,0.6748971193415638,0,0.0,0,3,2,0,0,2,0,0,0,0,0,0,0,0
02022026-0.txt,"TRANSCRIPT: President Trump Signs Bills in an Oval Office Ceremony, 2.2.26",2026-02-02,38270,2887,1126,0.39002424662279184,46,15.93349497748528,13,8,29,15,2,8,1,1,1,17,9,1,8,8
02022026-1.txt,"TRANSCRIPT: President Trump speaks with Dan Bongino on His Podcast, 2.2.26",2026-02-02,25906,1846,769,0.41657638136511377,14,7.583965330444204,0,4,8,1,8,14,0,0,1,9,0,1,1,2
02032026-0.txt,"TRANSCRIPT: President Trump Signs Bills in an Oval Office Ceremony, 2.3.26",2026-02-03,36801,2709,1055,0.3894425987449243,43,15.873015873015872,24,15,6,2,8,20,2,17,7,10,1,4,2,0
02032026-1.txt,"TRANSCRIPT: President Trump Signs Bills in an Oval Office Ceremony, 2.3.26",2026-02-03,36812,2710,1056,0.3896678966789668,43,15.867158671586717,24,15,6,2,8,20,2,17,7,10,1,4,2,0
02042026-0.txt,"TRANSCRIPT: President Trump Speaks with Tom Llamas of NBC News, 2.4.26",2026-02-04,63609,4392,1271,0.2893897996357013,99,22.54098360655738,50,26,19,7,16,31,14,2,15,45,0,13,2,8
02052026-0.txt,"TRANSCRIPT: President Trump Announces the Launch of the TrumpRX Website, 2.5.26",2026-02-05,15886,1222,573,0.46890343698854337,44,36.00654664484452,21,0,0,0,0,1,7,0,27,9,1,0,0,0
02052026-1.txt,"TRANSCRIPT: President Trump Addresses the National Prayer Breakfast at the Capitol, 2.5.26",2026-02-05,65758,4836,1492,0.30851943755169564,38,7.857733664185277,11,7,34,22,10,27,3,6,0,12,0,0,16,1
02062026-0.txt,"TRANSCRIPT: President Trump Speaks to Reporters Before Marine One Departure, 2.6.26",2026-02-06,1962,151,118,0.7814569536423841,8,52.980132450331126,6,0,0,1,0,2,0,0,5,0,2,0,1,0
02062026-1.txt,"TRANSCRIPT: President Trump Speaks to Reporters on Board Air Force One, 2.6.26",2026-02-06,18602,1337,585,0.43754674644727,23,17.202692595362752,14,7,15,3,6,12,0,2,6,1,6,4,3,1
02092026-0.txt,"TRANSCRIPT: President Trump Speaks with Larry Kudlow of Fox Business, 2.9.26",2026-02-09,39235,2947,927,0.3145571767899559,117,39.70139124533424,74,9,14,16,5,24,32,4,16,17,16,22,6,4
02112026-0.txt,"TRANSCRIPT: President Trump Speaks Receives an Award from the Coal Industry, 2.11.26",2026-02-11,22198,1830,861,0.4704918032786885,59,32.240437158469945,17,2,7,88,3,7,7,1,5,15,2,2,23,4
02122026-0.txt,"TRANSCRIPT: President Trump Repeals Government Climate Change Finding, 2.12.26",2026-02-12,32138,2569,1089,0.42390035033086804,58,22.576878162709225,33,1,21,35,7,16,6,1,14,20,0,1,10,6
02132026-0.txt,"TRANSCRIPT: President Trump Speaks to Reporters Before Air Force One Departure, 2.13.26",2026-02-13,2428,158,118,0.7468354430379747,1,6.329113924050633,0,0,2,0,0,0,0,0,0,1,0,0,0,0
02132026-1.txt,"TRANSCRIPT: President Trump Speaks to Reporters Before Marine One Departure, 2.13.26",2026-02-13,26273,1778,430,0.24184476940382452,52,29.24634420697413,26,34,20,12,16,12,0,0,18,18,4,0,12,0
02132026-2.txt,"TRANSCRIPT: President Trump Addresses Military Families at Fort Bragg, North Carolina, 2.13.2026",2026-02-13,31114,2358,971,0.4117896522476675,13,5.51314673452078,6,2,21,0,4,8,1,0,2,4,4,0,0,2
02162026-0.txt,"TRANSCRIPT: President Trump Speaks to Reporters On Board Air Force One, 2.16.26",2026-02-16,17991,1311,605,0.4614797864225782,18,13.729977116704804,4,4,13,3,1,10,0,0,4,11,0,0,3,0
02172026-0.txt,"TRANSCRIPT: President Trump Vlog: Rush Limbaugh Tribute, 2.17.26",2026-02-17,1048,82,56,0.6829268292682927,0,0.0,0,0,0,0,0,0,0,0,0,0,0,0,0,0
02182026-0.txt,TRANSCRIPT: President Trump Attends a Black History Month Reception at the White House 2.18.26,2026-02-18,41696,3059,1080,0.35305655442955214,36,11.768551814318405,18,6,2,2,6,18,0,8,5,18,2,1,2,0
02192026-0.txt,"TRANSCRIPT: President Trump Tours the Coosa Steel Plant in Rome, Georgia, 2.19.26",2026-02-19,3730,284,178,0.6267605633802817,16,56.33802816901409,9,0,4,0,3,1,9,0,2,1,0,0,0,4
02192026-1.txt,"TRANSCRIPT: President Trump Discusses the Economy in Rome, Georgia, 2.19.26",2026-02-19,59317,4667,1408,0.3016927362331262,150,32.14056138847225,99,8,7,9,11,30,32,18,34,34,14,3,9,6
02192026-2.txt,"TRANSCRIPT: President Trump Speaks to Reporters on Board Air Force One, 2.19.26",2026-02-19,5956,395,247,0.6253164556962025,2,5.063291139240507,0,0,11,1,0,0,0,0,0,0,0,0,0,2
02192026-3.txt,"TRANSCRIPT: President Trump Visits a Local Restaurant in Rome, Georgia, 2.19.26",2026-02-19,8639,605,220,0.36363636363636365,6,9.917355371900827,4,0,0,0,0,10,0,4,0,2,0,0,0,0
02192026-4.txt,"TRANSCRIPT: President Trump Addresses a Board of Peace Meeting in Washington, 2.19.26",2026-02-19,53077,3867,1192,0.3082492888544091,40,10.34393586759762,6,2,96,0,2,7,5,0,2,27,1,1,0,4
02202026-0.txt,"TRANSCRIPT: President Trump Addresses a Governors' Meeting at the White House, 2.20.26",2026-02-20,757,45,39,0.8666666666666667,0,0.0,0,0,1,0,0,3,0,0,0,0,0,0,0,0
02202026-1.txt,"TRANSCRIPT: President Trump Addresses the Supreme Court Tariff Decision, 2.20.26",2026-02-20,43815,3086,1028,0.33311730395333766,121,39.20933246921581,98,3,21,2,48,11,85,3,1,9,6,10,2,5
02212026-0.txt,"TRANSCRIPT: President Trump Addresses a Governors' Dinner at the White House, 2.21.26",2026-02-21,15391,1198,581,0.48497495826377296,14,11.686143572621035,6,1,1,0,1,8,0,2,2,9,0,0,0,1
02212026-1.txt,"TRANSCRIPT: President Trump Compliments Musician Rusanda Panfili After Her Performance, 2.21.26",2026-02-21,927,52,43,0.8269230769230769,0,0.0,0,0,0,0,0,0,0,0,0,0,0,0,0,0
02222026-0.txt,"TRANSCRIPT: President Trump Congratulates the US Men's Olympic Hockey Team on Gold, 2.22.26",2026-02-22,2871,215,123,0.5720930232558139,0,0.0,0,2,0,0,0,0,0,0,0,0,0,0,0,0
02232026-0.txt,"TRANSCRIPT: President Trump Addresses an Angel Families Remembrance Ceremony, 2.23.26",2026-02-23,39139,2856,1039,0.3637955182072829,14,4.901960784313726,5,21,0,0,1,25,0,0,4,10,0,0,0,0
02242026-0.txt,"TRANSCRIPT: President Trump Delivers the State of the Union Address, 2.24.26",2026-02-24,60182,5017,1992,0.39705002989834565,81,16.14510663743273,49,13,27,8,9,18,6,15,24,13,8,7,7,1
02272026-0.txt,"TRANSCRIPT: President Trump Makes an Unannounced Stop at Whataburger in Texas, 2.27.26",2026-02-27,2746,186,107,0.5752688172043011,0,0.0,0,0,0,0,0,3,0,0,0,0,0,0,0,0
02272026-1.txt,"TRANSCRIPT: President Trump Speaks with Mike Gillaspia of KIII-TV Corpus Christi, 2.27.26",2026-02-27,4872,370,217,0.5864864864864865,8,21.62162162162162,1,0,0,6,0,2,0,0,0,2,0,0,6,0
02272026-2.txt,"TRANSCRIPT: President Trump Speaks to Reporters in Corpus Christi, Texas, 2.27.26",2026-02-27,3752,276,153,0.5543478260869565,4,14.492753623188406,0,0,1,3,0,0,0,0,1,0,0,0,3,0
02272026-3.txt,"TRANSCRIPT: President Trump Delivers Remarks on Energy in Corpus Christi, Texas, 2.27.26",2026-02-27,50179,4023,1374,0.3415361670395227,138,34.302759134973904,46,22,6,46,4,20,1,17,26,28,12,9,43,2
02272026-4.txt,"TRANSCRIPT: President Trump Speaks to Reporters Before Marine One Departure, 2.27.26",2026-02-27,11516,723,372,0.5145228215767634,15,20.74688796680498,5,0,24,6,0,4,1,0,3,2,0,3,6,0
02282026-0.txt,"TRANSCRIPT: President Trump Announces Iran Attack, 2.28.26",2026-02-28,6227,530,352,0.6641509433962264,0,0.0,0,0,11,0,0,0,0,0,0,0,0,0,0,0
02282026-1.txt,"TRANSCRIPT: President Trump Stops By a MAGA Fundraiser at Mar-a-Lago, 2.28.26",2026-02-28,902,65,35,0.5384615384615384,0,0.0,0,0,0,0,0,0,0,0,0,0,0,0,0,0
03012026-0.txt,TRANSCRIPT: President Trump Speaks to Reporters After Marine One Arrival. 3.1.26,2026-03-01,572,33,24,0.7272727272727273,0,0.0,0,0,2,0,0,0,0,0,0,0,0,0,0,0
03012026-1.txt,"TRANSCRIPT: President Trump Announces an Iran Attack Update, 3.1.26",2026-03-01,4537,376,269,0.7154255319148937,0,0.0,0,0,7,0,1,1,0,0,0,0,0,0,0,0
03022026-0.txt,TRANSCRIPT: President Trump Attends a Medal of Honor Ceremony at the White House. 3.2.26,2026-03-02,27546,2377,1108,0.4661337820782499,6,2.5241901556583928,1,3,11,0,0,5,1,0,0,5,0,0,0,0
03032026-0.txt,TRANSCRIPT: President Trump Holds a Bilat with Friedrich Merz of Germany. 3.3.26,2026-03-03,34056,2409,892,0.37027812370278124,58,24.076380240763804,27,10,66,16,8,2,19,0,5,4,2,2,16,10
03042026-0.txt,TRANSCRIPT: President Trump Delivers Remarks at an Energy Ratepayer Protection Roundtable. 3.4.26,2026-03-04,53881,4030,1314,0.3260545905707196,124,30.76923076923077,26,1,13,72,3,7,3,0,28,35,0,4,48,6
03052026-0.txt,"TRANSCRIPT: President Trump Congratulates Major League Soccer Champions Inter Miami CF, 3.5.26",2026-03-05,24872,2007,874,0.4354758345789736,21,10.46337817638266,6,2,8,5,1,1,3,0,2,9,2,0,5,0
03062026-0.txt,"TRANSCRIPT: President Trump Holds a College Sports Roundtable at the White House, 3.6.26",2026-03-06,3835,286,209,0.7307692307692307,1,3.4965034965034967,0,0,0,0,2,0,0,0,0,1,0,0,0,0
03072026-0.txt,"TRANSCRIPT: President Trump Addresses the Shield of the Americas Summit in Doral, Florida, 3.7.26",2026-03-07,37861,2887,1111,0.38482854173882924,24,8.313127814340145,6,11,16,5,5,5,5,0,1,12,0,1,5,0
03072026-1.txt,"TRANSCRIPT: President Trump Speaks to Reporters On Board Air Force One, 3.7.26",2026-03-07,16136,1115,519,0.4654708520179372,14,12.556053811659192,3,0,38,10,1,1,0,0,3,1,0,0,10,0
03092026-0.txt,"TRANSCRIPT: President Trump Addresses the Media at Trump National Doral Miami, 3.9.26",2026-03-09,32058,2266,920,0.4060017652250662,40,17.6522506619594,5,1,44,23,3,12,0,0,6,5,0,0,23,6
03092026-1.txt,"TRANSCRIPT: President Trump Addresses the Republican Members Issues Conference in Florida, 3.9.26",2026-03-09,47301,3563,1206,0.33847880999158014,57,15.997754701094584,29,8,19,8,3,24,4,5,23,8,7,4,2,4
03092026-2.txt,"TRANSCRIPT: President Trump Visits a Local Restaurant in Doral, Florida, 3.9.26",2026-03-09,3521,226,103,0.4557522123893805,1,4.424778761061947,0,0,0,1,0,0,0,0,0,0,0,0,1,0
03112026-0.txt,"TRANSCRIPT: President Trump Speaks to Reporters After Air Force One Arrival, 3.11.26",2026-03-11,3973,279,176,0.6308243727598566,6,21.505376344086024,2,2,6,5,0,6,0,0,2,0,0,1,3,0
03112026-1.txt,"TRANSCRIPT: President Trump Speaks with Tyler Madden of WKRC-TV Local 12 Cincinnati, 3.11.26",2026-03-11,5846,454,274,0.6035242290748899,11,24.229074889867842,5,0,1,1,0,1,0,0,5,5,0,0,1,0
03112026-2.txt,"TRANSCRIPT: President Trump Tours the Thermo Fisher Facility in Reading, Ohio, 3.11.26",2026-03-11,12684,901,480,0.532741398446171,15,16.64816870144284,6,0,5,2,0,6,3,0,2,7,1,0,2,0
03112026-3.txt,"TRANSCRIPT: President Trump Speaks to Reporters Before Marine One Departure, 3.11.26",2026-03-11,8705,618,320,0.517799352750809,12,19.41747572815534,3,0,10,6,4,4,3,0,3,0,0,0,6,0
03112026-4.txt,"TRANSCRIPT: President Trump Discusses His Administration in Hebron, Kentucky, 3.11.26",2026-03-11,48122,3877,1342,0.3461439257157596,114,29.404178488522053,70,8,14,31,0,26,3,36,23,30,4,4,11,3
03112026-5.txt,"TRANSCRIPT: President Trump Speaks with Jake Paul for his Youtube Channel, 3.11.26",2026-03-11,31892,2239,751,0.33541759714158104,17,7.592675301473872,6,8,6,3,0,4,0,0,0,16,0,0,1,0
03122026-0.txt,"TRANSCRIPT: President Trump Attends a Women's History Month Event at the White House, 3.12.26",2026-03-12,33513,2640,1048,0.396969696969697,61,23.106060606060606,34,0,2,0,1,9,4,21,13,20,3,0,0,0
03132026-0.txt,"TRANSCRIPT: President Trump Speaks to Reporters Before Air Force One Departure, 3.13.26",2026-03-13,4974,371,219,0.5902964959568733,7,18.867924528301884,2,2,4,4,0,2,0,0,3,0,0,0,4,0
03132026-1.txt,"TRANSCRIPT: President Trump Speaks with Brian Kilmeade of Fox News Radio Interviews, 3.13.26",2026-03-13,39735,2805,1028,0.3664884135472371,19,6.773618538324421,6,13,28,6,2,18,2,1,0,4,1,0,5,6
03152026-0.txt,"TRANSCRIPT: President Trump Speaks to Reporters On Board Air Force One, 3.15.26",2026-03-15,22435,1543,634,0.41088788075178223,22,14.257939079714841,4,2,42,9,3,25,0,0,4,3,2,0,9,4
03162026-0.txt,"TRANSCRIPT: President Trump Signs Mortgage and New Home Construction Executive Orders, 3.16.26",2026-03-16,3002,263,184,0.6996197718631179,9,34.22053231939164,0,2,0,0,0,1,0,0,4,0,2,3,0,0
03162026-1.txt,"TRANSCRIPT: President Trump Signs a Fraud Task Force Executive Order in the Oval Office, 3.16.26",2026-03-16,52476,3784,1292,0.34143763213530653,41,10.83509513742072,11,8,53,7,4,25,3,1,6,13,4,4,7,3
03162026-2.txt,"TRANSCRIPT: President Trump Speaks to Reporters at a Kennedy Center Board Lunch, 3.16.26",2026-03-16,55845,4111,1320,0.3210897591826806,53,12.892240330819751,8,0,43,20,0,15,3,0,4,14,1,6,20,5
03162026-3.txt,"TRANSCRIPT: President Trump Speaks to Reporters at a Kennedy Center Board Lunch, 3.16.26",2026-03-16,55845,4111,1320,0.3210897591826806,53,12.892240330819751,8,0,43,20,0,15,3,0,4,14,1,6,20,5
03172026-0.txt,"TRANSCRIPT: President Trump Holds a Bilateral Meeting With Micheál Martin of Ireland, 3.17.26",2026-03-17,40989,2928,1030,0.351775956284153,40,13.66120218579235,15,4,94,17,8,19,6,0,5,4,0,1,14,10
03172026-1.txt,"TRANSCRIPT: President Trump Addresses the Friends of Ireland Luncheon at the Capitol, 3.17.26",2026-03-17,17809,1301,599,0.46041506533435816,19,14.604150653343583,2,0,5,6,0,3,0,0,1,8,0,4,6,0
03172026-2.txt,"TRANSCRIPT: President Trump Attends a Shamrock Bowl Presentation at the White House, 3.17.26",2026-03-17,23584,1861,884,0.4750134336378291,14,7.522837184309512,6,0,9,2,1,0,3,0,0,6,1,2,2,0
03192026-0.txt,"TRANSCRIPT: President Trump Holds a Bilat with Sanae Takaichi (?? ??) of Japan, 3.19.26",2026-03-19,21914,1621,682,0.42072794571252314,46,28.3775447254781,11,0,32,15,5,6,4,0,4,5,3,6,13,11
03192026-1.txt,"TRANSCRIPT: President Trump Hosts a Dinner for Sanae Takaichi (?? ??) of Japan, 3.19.26",2026-03-19,8134,645,406,0.6294573643410852,3,4.651162790697675,1,0,2,1,1,0,1,0,0,1,0,0,1,0
03202026-0.txt,"TRANSCRIPT: President Trump Speaks to Reporters Before Marine One Departure, 3.20.26",2026-03-20,13516,918,454,0.49455337690631807,16,17.42919389978214,4,0,20,5,0,5,0,0,2,4,2,0,5,3
03202026-1.txt,"TRANSCRIPT: President Trump Presents the Commander-in-Chief's Trophy to the USNA, 3.20.26",2026-03-20,33797,2603,946,0.3634268152132155,14,5.378409527468306,0,3,2,0,0,17,0,0,0,12,0,1,0,1
03232026-0.txt,"TRANSCRIPT: President Trump Speaks with Valerie Calhoun of WHBQ-TV Fox 13 Memphis, 3.23.26",2026-03-23,4888,353,210,0.5949008498583569,2,5.6657223796034,1,0,0,4,0,0,0,0,0,1,0,0,1,0
03232026-1.txt,"TRANSCRIPT: President Trump Speaks to Reporters Before Air Force One Departure, 3.23.26",2026-03-23,23520,1704,692,0.4061032863849765,24,14.084507042253522,0,19,38,9,0,16,0,0,3,12,0,1,8,0
03232026-2.txt,"TRANSCRIPT: President Trump Makes an Unscheduled Stop at Graceland in Memphis, 3.23.26",2026-03-23,20882,1526,656,0.42988204456094364,1,0.6553079947575361,1,0,0,0,1,14,0,0,1,0,0,0,0,0
03232026-3.txt,"TRANSCRIPT: President Trump Attends a Memphis Safe Task Force Roundtable, 3.23.26",2026-03-23,79656,6159,1860,0.3019970774476376,48,7.793472966390648,7,29,28,2,7,16,0,1,0,42,3,1,1,0
03242026-0.txt,"TRANSCRIPT: President Trump Attends the Swearing In Ceremony of Markwayne Mullin, 3.24.26",2026-03-24,44821,3374,1180,0.34973325429756963,25,7.409602845287492,7,26,32,4,2,31,0,5,2,14,0,2,2,0
03252026-0.txt,"TRANSCRIPT: President Trump Attends the National Republican Congressional Committee Dinner, 3.25.26",2026-03-25,54899,4319,1343,0.31095160916878906,53,12.271359110905301,34,22,22,4,7,76,2,13,23,7,4,1,3,0
03262026-0.txt,"TRANSCRIPT: President Trump Calls In to a Live Interview on Fox News' 'The Five', 3.26.26",2026-03-26,48219,3583,1162,0.3243092380686575,19,5.302818866871337,1,0,26,13,1,20,0,0,0,7,0,0,8,4
03262026-1.txt,"TRANSCRIPT: President Trump Attends a Greek Independence Day Event at the White House, 3.26.26",2026-03-26,14052,1104,637,0.5769927536231884,9,8.152173913043478,0,0,3,1,2,0,0,0,0,6,0,2,1,0
03262026-2.txt,"TRANSCRIPT: President Trump Holds a Cabinet Meeting at the White House, 3.26.26",2026-03-26,93884,7100,2023,0.28492957746478875,101,14.225352112676056,42,17,105,25,9,50,4,12,13,27,10,9,25,1
03272026-0.txt,"TRANSCRIPT: President Trump Addresses Farmers at the White House, 3.27.26",2026-03-27,32216,2490,990,0.39759036144578314,65,26.10441767068273,39,0,5,6,1,15,11,19,11,12,2,2,4,4
03272026-1.txt,"TRANSCRIPT: President Trump Speaks to Reporters After Air Force One Arrival, 3.27.26",2026-03-27,2864,213,137,0.6431924882629108,1,4.694835680751174,0,1,5,0,0,4,0,0,0,1,0,0,0,0
03272026-2.txt,"TRANSCRIPT: President Trump Addresses the Saudi Future Investment Conference in Florida, 3.27.26",2026-03-27,69504,5293,1546,0.2920838843755904,61,11.52465520498772,29,5,93,6,6,47,8,9,4,10,4,2,5,19
03292026-0.txt,"TRANSCRIPT: President Trump Speaks to Reporters On Board Air Force One, 3.29.26",2026-03-29,21925,1623,670,0.41281577325939617,16,9.858287122612447,0,15,20,7,2,14,0,0,0,4,0,3,7,2
03302026-0.txt,"TRANSCRIPT: President Trump Launches White House App, 3.30.26",2026-03-30,1326,109,79,0.7247706422018348,1,9.174311926605505,0,0,0,0,0,3,0,0,0,1,0,0,0,0
03312026-0.txt,"TRANSCRIPT: President Trump Signs an Executive Order on Elections, 3.31.26",2026-03-31,41125,2997,1069,0.35669002335669003,30,10.01001001001001,8,5,18,3,17,30,0,4,2,8,8,2,3,3
04012026-0.txt,"TRANSCRIPT: President Trump Delivers a Prime Time Address on Iran, 4.1.26",2026-04-01,15644,1283,706,0.5502727981293842,28,21.823850350740454,9,0,33,18,0,0,0,1,4,3,3,0,17,0
04012026-1.txt,"TRANSCRIPT: President Trump Records Vlog titled, ""Passover Wishes,"" 4.1.26",2026-04-01,1134,98,82,0.8367346938775511,0,0.0,0,0,1,0,0,0,0,0,0,0,0,0,0,0
04012026-2.txt,"TRANSCRIPT: President Trump Addresses an Easter Lunch at the White House, 4.1.26",2026-04-01,54105,4059,1427,0.3515644247351564,37,9.115545700911555,6,7,35,10,17,9,1,3,2,19,0,0,9,3
04032026-0.txt,"TRANSCRIPT: President Trump Records Vlog titled, ""Easter Wishes,"" 4.3.26",2026-04-03,1488,125,95,0.76,0,0.0,0,0,0,0,0,0,0,0,0,0,0,0,0,0
04062026-0.txt,"TRANSCRIPT: President Trump Calls the Artemis II Astronauts After Lunar Flyby, 4.6.26",2026-04-06,11214,824,408,0.49514563106796117,1,1.2135922330097086,0,0,0,0,0,0,0,0,0,1,0,0,0,0
04062026-1.txt,"TRANSCRIPT: President Trump Holds a Press Conference at the White House, 4.6.26",2026-04-06,75855,5712,1770,0.30987394957983194,20,3.5014005602240896,4,7,89,5,9,21,3,0,0,10,1,0,5,1
04062026-2.txt,"TRANSCRIPT: President Trump Hosts an Easter Egg Roll at the White House, 4.6.26",2026-04-06,41094,2854,887,0.31079187105816397,21,7.358093903293622,3,0,46,10,1,22,1,0,2,6,2,1,9,0
04112026-0.txt,"TRANSCRIPT: President Trump Speaks to Reporters Before Air Force One Departure, 4.11.26",2026-04-11,3972,279,176,0.6308243727598566,6,21.505376344086024,2,2,6,5,0,6,0,0,2,0,0,1,3,0
04112026-1.txt,"TRANSCRIPT: President Trump Speaks to Reporters Before Marine One Departure, 4.11.26",2026-04-11,3241,241,139,0.5767634854771784,5,20.74688796680498,0,0,7,2,0,6,0,0,0,0,0,0,2,3
04122026-0.txt,"TRANSCRIPT: President Trump Speaks with Maria Bartiromo of Fox Sunday Morning Futures, 4.12.26",2026-04-12,35647,2430,865,0.3559670781893004,56,23.045267489711936,14,0,66,25,1,30,6,0,4,0,8,0,22,16
04122026-1.txt,"TRANSCRIPT: Donald Trump Speaks to Reporters After Air Force One Arrival, 4.12.26",2026-04-12,5980,410,220,0.5365853658536586,9,21.95121951219512,1,0,17,7,0,0,0,0,0,2,0,0,7,0
04132026-0.txt,"TRANSCRIPT: President Trump Speaks to Reporters After Getting McDonald's DoorDash, 4.13.26",2026-04-13,16729,1185,530,0.4472573839662447,28,23.628691983122362,10,0,16,9,1,8,1,8,1,6,0,1,9,2
04152026-0.txt,"TRANSCRIPT: President Trump Speaks with Maria Bartiromo on Her Fox Business Show, 4.15.26",2026-04-15,33182,2418,881,0.3643507030603805,83,34.32588916459884,37,13,47,19,4,8,4,12,7,6,9,6,16,23
04162026-0.txt,"TRANSCRIPT: President Trump Speaks to Reporters Before Marine One Departure, 4.16.26",2026-04-16,29945,1997,721,0.36104156234351525,56,28.042063094641964,28,0,72,16,2,14,0,17,10,3,4,4,16,2
04162026-1.txt,"TRANSCRIPT: President Trump Attends a Roundtable on Taxes and Tips in Las Vegas, 4.16.26",2026-04-16,41712,3194,1101,0.34470882905447714,143,44.77144646211647,113,3,9,4,0,20,9,88,9,19,7,7,4,0
04172026-0.txt,"TRANSCRIPT: Donald Trump Speaks to Reporters After Air Force One Arrival, 4.17.26",2026-04-17,1165,77,59,0.7662337662337663,1,12.987012987012989,0,0,1,0,0,0,0,0,0,1,0,0,0,0
04172026-1.txt,"TRANSCRIPT: President Trump Speaks to Reporters On Board Air Force One Arrival, 4.17.26",2026-04-17,9348,633,332,0.5244865718799369,2,3.1595576619273302,0,0,20,0,0,4,0,0,0,2,0,0,0,0
04172026-2.txt,"TRANSCRIPT: President Trump Addresses a Turning Point USA Event in Phoenix, 4.17.26",2026-04-17,41157,3365,1307,0.3884101040118871,57,16.939078751857355,25,23,27,8,1,32,7,7,7,27,1,2,5,1
04182026-0.txt,"TRANSCRIPT: President Trump Signs an Executive Order on Therapeutic Psychedelics, 4.18.26",2026-04-18,48008,3647,1327,0.363860707430765,21,5.758157389635317,3,0,8,0,4,7,0,0,9,9,0,3,0,0
04202026-0.txt,"TRANSCRIPT: President Trump Speaks with John Fredericks on His Radio Show, 4.20.26",2026-04-20,13049,962,409,0.42515592515592515,25,25.987525987525988,19,3,10,1,1,6,1,10,2,8,2,0,1,1
04202026-1.txt,"TRANSCRIPT: President Trump Calls in to a Virginia Special Election Tele-Rally, 4.20.26",2026-04-20,9170,706,352,0.4985835694050991,6,8.4985835694051,5,4,0,0,0,12,0,5,0,1,0,0,0,0
04212026-0.txt,"TRANSCRIPT: President Trump Speaks with Joe Kernen of CNBC on 'Squawk Box', 4.21.26",2026-04-21,39693,2924,1037,0.3546511627906977,57,19.493844049247606,20,2,32,7,10,6,6,0,9,16,9,10,6,1
04212026-1.txt,"TRANSCRIPT: President Trump Welcomes NCAA Colleagiate Athletes to the White House, 4.21.26",2026-04-21,15479,1231,564,0.45816409423233145,3,2.437043054427295,0,0,0,0,2,2,0,0,0,3,0,0,0,0
04212026-2.txt,"TRANSCRIPT: President Trump Records Vlog Titled, ""Bible Verse Reading of 2 Chronicles 7:11-22,"" 4.21.26",2026-04-21,2362,182,135,0.7417582417582418,0,0.0,0,0,1,0,0,1,0,0,0,0,0,0,0,0
04232026-0.txt,"TRANSCRIPT: President Trump Records Vlog Titled, ""Lincoln Memorial Reflecting Pool,"" 4.23.26",2026-04-23,2798,216,142,0.6574074074074074,4,18.51851851851852,0,0,0,0,0,0,0,0,1,2,0,1,0,0
04232026-1.txt,"TRANSCRIPT: President Trump Announces an Israel-Lebanon Ceasefire Extension, 4.23.26",2026-04-23,32316,2221,853,0.3840612336785232,42,18.91040072039622,25,0,62,4,3,2,2,10,3,10,8,3,4,2
04232026-2.txt,"TRANSCRIPT: President Trump Holds a Health Care Affordability Event, 4.23.26",2026-04-23,66989,5003,1566,0.31301219268438935,96,19.188486907855285,39,1,22,16,5,11,13,0,27,16,17,5,15,3
04252026-0.txt,"TRANSCRIPT: President Trump Speaks to Reporters Before Air Force One Departure, 4.25.26",2026-04-25,7472,487,275,0.5646817248459959,7,14.373716632443532,5,0,6,0,1,1,0,0,0,0,5,0,0,2
04252026-1.txt,"TRANSCRIPT: President Trump Speaks After Correspondents' Dinner Incident, 4.25.26",2026-04-25,29794,2043,828,0.4052863436123348,25,12.236906510034263,2,0,7,0,11,4,1,0,0,23,0,1,0,0
04262026-0.txt,"TRANSCRIPT: President Trump Speaks with Norah O'Donnell for CBS News' ""60 Minutes,” 4.26.26",2026-04-26,13517,929,503,0.5414424111948332,3,3.2292787944025836,0,3,0,0,0,17,0,0,0,3,0,0,0,0
04262026-1.txt,"TRANSCRIPT: President Trump Speaks with Jacqui Heinrich on Fox News, 4.26.26",2026-04-26,34007,2369,944,0.39848037146475307,22,9.286618826509077,1,4,37,5,6,12,0,0,0,15,0,0,4,3
04282026-0.txt,"TRANSCRIPT: President Trump and King Charles III Exchange Remarks at a Formal Dinner, 4.28.26",2026-04-28,17819,1470,889,0.6047619047619047,1,0.6802721088435374,1,0,12,0,1,2,1,0,0,0,0,0,0,0
04282026-1.txt,"TRANSCRIPT: President Trump Speaks to Reporters After King Charles III Departs, 4.28.26",2026-04-28,309,20,18,0.9,0,0.0,0,0,0,0,0,0,0,0,0,0,0,0,0,0
04282026-2.txt,"TRANSCRIPT: President Trump Welcomes King Charles III to the White House, 4.28.26",2026-04-28,8449,720,457,0.6347222222222222,0,0.0,0,0,3,0,1,0,0,0,0,0,0,0,0,0
04292026-0.txt,"TRANSCRIPT: President Trump Meets with the Artemis II Astronauts at the White House, 4.29.26",2026-04-29,23535,1656,732,0.4420289855072464,11,6.642512077294686,6,2,40,5,5,10,2,0,2,1,0,3,2,1
05242025-0.txt,"TRANSCRIPT: President Trump Remarks at West Point, 5.24.25",2025-05-24,43697,3250,1260,0.38769230769230767,18,5.538461538461538,6,4,27,0,6,1,3,0,0,12,2,0,0,1
05252025-0.txt,"TRANSCRIPT: President Trump Speaks to Reporters Before Air Force One Departure, 5.25.25",2025-05-25,11470,790,417,0.5278481012658228,6,7.594936708860759,4,0,18,0,2,7,2,2,0,2,0,0,0,0
05262025-0.txt,"TRANSCRIPT: President Trump Remarks at Arlington National Cemetery, 5.26.25",2025-05-26,12169,1039,644,0.6198267564966313,4,3.8498556304138596,0,0,5,0,0,0,0,0,1,1,0,2,0,0
05282025-0.txt,"TRANSCRIPT: President Trump Remarks at Swearing In of Jeanine Pirro in Oval Office, 5.28.25",2025-05-28,30611,2245,892,0.39732739420935415,39,17.37193763919822,22,1,43,1,14,14,12,6,4,6,2,0,1,8
05302025-0.txt,"TRANSCRIPT: President Trump Speaks to Questions After Air Force One Arrival, 5.30.25",2025-05-30,7526,524,280,0.5343511450381679,13,24.80916030534351,7,0,4,1,0,0,5,0,0,5,0,1,1,1
05302025-1.txt,"TRANSCRIPT: President Trump Remarks About the U.S. Steel Deal in Pennsylvania, 5.30.25",2025-05-30,47388,3661,1243,0.33952472002185197,127,34.689975416552855,74,12,5,2,0,18,23,19,21,45,3,9,2,5
06042025-0.txt,TRANSCRIPT: President Trump Vlog: Travel Restrictions Executive Order 6.4.25,2025-06-04,2058,181,149,0.8232044198895028,1,5.524861878453039,0,0,0,0,0,1,0,0,0,0,0,1,0,0
06052025-0.txt,TRANSCRIPT: President Trump Holds a Roundtable with the Fraternal Order of Police - 6.5.25,2025-06-05,14548,1111,601,0.540954095409541,12,10.801080108010801,7,9,0,1,5,3,0,5,1,6,0,0,0,0
06052025-1.txt,TRANSCRIPT: President Trump Welcomes Friedrich Merz of Germany to the White House - 6.5.25,2025-06-05,352,20,15,0.75,2,100.0,0,0,2,0,0,0,0,0,0,0,0,0,0,2
06062025-0.txt,"TRANSCRIPT: Donald Trump Speaks to Reporters on Board Air Force One, 6.6.25",2025-06-06,17284,1117,494,0.4422560429722471,39,34.914950760966875,17,0,26,0,1,5,5,0,6,6,4,11,0,7
06082025-0.txt,"TRANSCRIPT: Donald Trump Speaks to Reporters Before Air Force One Departure, 6.8.25",2025-06-08,4751,336,199,0.5922619047619048,1,2.976190476190476,0,0,0,0,0,5,0,0,1,0,0,0,0,0
06092025-0.txt,"TRANSCRIPT: Donald Trump Speaks to Reporters After Marine One Arrival, 6.9.25",2025-06-09,1017,72,56,0.7777777777777778,1,13.888888888888888,0,2,0,0,0,0,0,0,0,1,0,0,0,0
06092025-1.txt,"TRANSCRIPT: President Donald Trump Remarks at White House Roundtable, 6.9.25",2025-06-09,52043,3935,1378,0.35019059720457435,69,17.534942820838626,40,4,39,1,3,4,4,15,2,23,8,5,1,11
06102025-0.txt,"TRANSCRIPT: Donald Trump Speaks to Reporters After Air Force One Arrival, 6.10.25",2025-06-10,9729,656,353,0.538109756097561,2,3.048780487804878,0,0,4,0,0,7,0,0,0,2,0,0,0,0
06102025-1.txt,"TRANSCRIPT: President Trump Remarks at Fort Bragg for the 250th Anniversary of the US Army, 6.10.25",2025-06-10,43385,3609,1411,0.3909670268772513,15,4.156275976724855,3,9,17,0,3,11,0,3,0,10,0,1,0,1
06102025-2.txt,"TRANSCRIPT: President Trump Remarks at Briefing on Wildfires in the Oval Office, 6.10.25",2025-06-10,36564,2638,1019,0.38627748294162245,17,6.444275966641395,2,1,6,0,2,5,1,0,3,13,0,0,0,0
06112025-0.txt,"TRANSCRIPT: President Trump Speaks to Reporters at Kennedy Center for Les Miserables Opening Night, 6.11.25",2025-06-11,9228,595,337,0.5663865546218487,9,15.126050420168067,7,1,2,0,0,0,5,0,1,1,0,1,0,1
06122025-0.txt,"TRANSCRIPT: President Trump Remarks at Signing of Bill Blocking Bans on Gas-Powered Cars, 6.12.25",2025-06-12,71972,5480,1548,0.2824817518248175,143,26.094890510948904,50,2,41,72,2,14,19,9,18,24,3,16,39,15
06142025-0.txt,"TRANSCRIPT: President Trump and JD Vance Speak at a Military Parade in Washington, 6.14.25",2025-06-14,7930,664,437,0.6581325301204819,0,0.0,0,0,6,0,0,0,0,0,0,0,0,0,0,0
06142025-1.txt,"TRANSCRIPT: Donald Trump Administers the Oath to U.S. Army Soliders, 6.14.25",2025-06-14,1416,92,42,0.45652173913043476,0,0.0,0,0,0,0,1,0,0,0,0,0,0,0,0,0
06162025-0.txt,"TRANSCRIPT: Remarks: Donald Trump Attends the Official Welcome Ceremony at the G7 in Canada, 6.16.25",2025-06-16,978,72,38,0.5277777777777778,0,0.0,0,0,2,0,0,0,0,0,0,0,0,0,0,0
06162025-1.txt,"TRANSCRIPT: President Trump Remarks at Bilateral Meeting with Mark Carney of Canada at the G7, 6.16.25",2025-06-16,7226,478,258,0.5397489539748954,9,18.82845188284519,9,3,23,0,0,2,6,0,0,0,0,0,0,3
06162025-2.txt,"TRANSCRIPT: President Trump Holds a Bilat with Keir Starmer of the United Kingdom, 6.16.25",2025-06-16,7308,487,291,0.5975359342915811,10,20.533880903490758,6,0,25,0,1,1,5,0,1,4,0,0,0,0
06162025-3.txt,"TRANSCRIPT: President Trump Attends a G7 Family Photo Before Departing for Washington, 6.16.25",2025-06-16,1895,123,85,0.6910569105691057,2,16.260162601626018,1,0,1,0,0,0,1,0,0,1,0,0,0,0
06172025-0.txt,"TRANSCRIPT: President Trump Speaks to Reporters On Board Air Force One, 6.17.25",2025-06-17,15504,960,457,0.47604166666666664,16,16.666666666666668,10,1,11,0,2,10,7,3,0,5,0,0,0,1
06182025-0.txt,TRANSCRIPT: Donald President Trump Meets with the Juventus Football Club at the White House - 6.18.25,2025-06-18,16954,1200,511,0.42583333333333334,4,3.3333333333333335,2,2,35,0,1,1,2,0,0,2,0,0,0,0
06182025-1.txt,"TRANSCRIPT: President Trump Observes a Flag-Raising Ceremony at the White House, 6.18.25",2025-06-18,910,53,37,0.6981132075471698,2,37.73584905660377,0,0,2,0,0,2,0,0,0,2,0,0,0,0
06202025-0.txt,"TRANSCRIPT: President Trump Speaks to Reporters After Air Force One Arrival , 6.20.25",2025-06-20,14541,1014,498,0.4911242603550296,12,11.834319526627219,1,3,45,4,4,2,1,0,0,4,0,0,4,3
06212025-0.txt,"TRANSCRIPT: President Trump Addresses the Nation After Iran Air Strikes, 6.21.25",2025-06-21,3062,251,182,0.7250996015936255,1,3.9840637450199203,0,0,11,0,0,1,0,0,0,1,0,0,0,0
06252025-0.txt,"TRANSCRIPT: President Trump Holds News Conference As He Departs NATO Summit, 6.25.25",2025-06-25,45439,3351,1135,0.3387048642196359,39,11.638316920322291,21,0,107,14,1,30,11,0,6,2,0,3,14,3
06252025-1.txt,"TRANSCRIPT: President Trump Holds a Pull-Aside Bilat with Mark Rutte of NATO, 6.25.25",2025-06-25,20833,1453,628,0.43220922229869235,5,3.4411562284927735,0,0,39,2,3,6,0,0,0,3,0,0,2,0
06262025-0.txt,"TRANSCRIPT: President Trump Hosts a Political Event in Support of His Budget, 6.26.25",2025-06-26,40735,3205,1081,0.3372854914196568,74,23.088923556942277,53,40,8,0,4,17,10,31,4,13,0,9,0,7
07012025-0.txt,"TRANSCRIPT: President Trump Tours New Immigration Detention Facility in Ochopee, Florida, 7.1.25",2025-07-01,13932,977,474,0.4851586489252815,7,7.164790174002047,4,6,3,0,2,1,0,4,0,3,0,0,0,0
07012025-1.txt,"TRANSCRIPT: President Trump Attends a Roundtable on Immigration in Ochopee, Florida, 7.1.25",2025-07-01,81403,6028,1826,0.3029197080291971,73,12.110152621101527,19,72,5,14,13,34,0,5,17,36,2,0,13,0
07082025-0.txt,"TRANSCRIPT: President Trump Holds a Cabinet Meeting at the White House, 7.8.25",2025-07-08,106247,7972,2184,0.27395885599598596,172,21.575514300050177,82,11,59,57,15,43,39,15,24,46,3,7,24,14
07092025-0.txt,"TRANSCRIPT: President Trump Meets with the Leaders of Five African Nations Over Lunch, 7.9.25",2025-07-09,42414,3100,1234,0.39806451612903226,74,23.870967741935484,48,12,77,13,3,15,28,1,10,9,3,8,9,6
07112025-0.txt,"TRANSCRIPT: Donald Trump Speaks to Reporters Before Marine One Departure, 7.11.25",2025-07-11,3521,266,173,0.650375939849624,6,22.55639097744361,2,1,1,0,0,2,2,0,0,1,1,2,0,0
07122025-0.txt,"TRANSCRIPT: Lara Trump Interviews President Trump on Her My View Fox News Show, 7.12.25",2025-07-12,26949,1909,742,0.3886851754845469,37,19.381875327396543,22,16,8,5,2,21,5,12,1,16,0,0,2,1
07132025-0.txt,"TRANSCRIPT: President Trump Speaks to Reporters After Air Force One Arrival, 7.13.25",2025-07-13,10492,757,400,0.5284015852047557,11,14.531043593130779,8,0,7,0,0,2,6,1,2,1,0,1,0,0
07132025-1.txt,"TRANSCRIPT: Emily Austin of DAZN Interviews President Trump at a FIFA Match, 7.13.25",2025-07-13,5131,376,220,0.5851063829787234,1,2.6595744680851063,0,0,1,0,0,0,0,0,0,1,0,0,0,0
07142025-0.txt,"TRANSCRIPT: President Trump Holds a Bilateral Meeting With Mark Rutte of NATO, 7.14.25",2025-07-14,35780,2549,907,0.3558258140447234,32,12.553942722636327,27,2,92,1,0,12,19,0,1,8,0,2,0,2
07142025-1.txt,"TRANSCRIPT: President Trump Remarks At A White House Faith Office Luncheon, 7.14.25",2025-07-14,43799,3247,1140,0.351093316907915,55,16.938712657838003,32,7,15,9,4,18,5,14,6,13,5,4,8,0
07152025-0.txt,"TRANSCRIPT: President Trump Addresses the Pennsylvania Energy and Innovation Summit, 7.15.25",2025-07-15,56254,4344,1412,0.3250460405156538,148,34.06998158379374,45,0,20,87,0,7,3,7,3,59,3,1,59,13
07152025-1.txt,"TRANSCRIPT: President Trump Speaks to Reporters Before Marine One Departure, 7.15.25",2025-07-15,17842,1193,532,0.4459346186085499,29,24.308466051969827,21,0,24,0,8,6,14,0,6,6,0,3,0,0
07152025-2.txt,"TRANSCRIPT: Donald Trump Speaks to Reporters After Air Force One Arrival, 7.15.25",2025-07-15,20615,1452,613,0.4221763085399449,42,28.925619834710744,24,0,26,2,2,8,16,1,1,15,0,6,2,1
07162025-0.txt,"TRANSCRIPT: President Trump Signs an Anti-Fentanyl Bill at the White House, 7.16.25",2025-07-16,21964,1739,824,0.4738355376653249,33,18.97642323174238,6,11,7,0,4,4,2,4,0,20,0,2,0,5
07162025-1.txt,"TRANSCRIPT: President Trump Holds a Bilat with Salman bin Hamad Al Khalifa of Bahrain, 7.16.25",2025-07-16,30624,2192,859,0.3918795620437956,80,36.4963503649635,30,0,13,5,9,26,12,5,5,25,2,23,5,3
07182025-0.txt,"TRANSCRIPT: President Trump Hosts a Dinner for Republican Senators, 7.18.25",2025-07-18,16314,1224,562,0.4591503267973856,19,15.522875816993464,5,2,3,0,0,1,3,2,0,13,0,0,0,1
07182025-1.txt,"TRANSCRIPT: President Trump Signs Crypto Stablecoin Legislation Into Law, 7.18.25",2025-07-18,33903,2599,1007,0.38745671412081567,44,16.929588303193537,11,1,3,0,0,12,8,1,0,25,3,5,0,2
07222025-0.txt,"TRANSCRIPT: President Trump Welcomes Bongbong Marcos to the White House, 7.22.25",2025-07-22,504,31,25,0.8064516129032258,1,32.25806451612903,1,0,0,0,0,0,1,0,0,0,0,0,0,0
07222025-1.txt,"TRANSCRIPT: President Trump:Holds a Bilat with Bongbong Marcos of the Philippines, 7.22.25",2025-07-22,34263,2384,979,0.41065436241610737,55,23.07046979865772,20,3,22,0,22,23,7,7,2,5,2,15,0,17
07232025-0.txt,"TRANSCRIPT: President Trump Delivers an AI Policy Speech and Signs Executive Orders, 7.23.25",2025-07-23,50525,3997,1357,0.33950462847135354,97,24.26820115086315,33,1,18,41,0,8,15,9,0,26,7,1,28,11
07242025-0.txt,"TRANSCRIPT: President Trump Speaks to Reporters During Federal Reserve Tour, 7.24.25",2025-07-24,4270,328,179,0.5457317073170732,11,33.53658536585366,6,0,0,0,0,0,6,0,0,1,0,4,0,0
07242025-1.txt,TRANSCRIPT: President Trump Speaks to Reporters After a Federal Reserve Tour - 7.24.25,2025-07-24,14577,1065,463,0.4347417840375587,71,66.66666666666667,19,0,4,1,0,0,8,0,4,7,0,51,1,0
07252025-0.txt,TRANSCRIPT: President Trump Speaks to Reporters Before Marine One Departure - 7.25.25,2025-07-25,26705,1895,725,0.38258575197889183,47,24.80211081794195,30,0,22,1,7,8,22,2,4,2,1,11,1,4
07272025-0.txt,TRANSCRIPT: President Trump Announces a Trade Deal with the European Union - 7.27.25,2025-07-27,13177,923,391,0.4236186348862405,30,32.50270855904658,22,0,4,6,0,3,19,0,0,2,2,1,6,0
07272025-1.txt,TRANSCRIPT: President Trump Holds a Bilateral Meeting with Ursula von der Leyen of the EU - 7.27.25,2025-07-27,26382,1848,667,0.36093073593073594,44,23.809523809523807,28,4,30,7,0,3,23,0,0,7,5,1,5,3
07282025-0.txt,"TRANSCRIPT: President Trump Welcomes Keir Starmer of the United Kingdom to Trump Turnberry, 7.28.25",2025-07-28,15490,1102,469,0.42558983666061706,11,9.98185117967332,9,5,23,0,3,0,8,0,1,2,0,0,0,0
07282025-1.txt,"TRANSCRIPT: President Trump Holds a Bilat with Keir Starmer of the United Kingdom, 7.28.25",2025-07-28,73218,5188,1479,0.28508095605242867,110,21.20277563608327,71,21,75,36,2,22,26,29,8,5,3,2,27,10
07292025-0.txt,"TRANSCRIPT: President Trump Speaks to Reporters On Board Air Force One, 7.29.25",2025-07-29,34658,2403,939,0.39076154806491886,53,22.055763628797337,12,8,24,17,4,13,7,3,4,14,4,2,16,3
07292025-1.txt,"TRANSCRIPT: President Trump Attends the Opening of a New Golf Course in Aberdeen, Scotland, 7.29.25",2025-07-29,9624,727,349,0.48005502063273725,3,4.126547455295736,0,0,3,0,0,7,0,0,0,3,0,0,0,0
07302025-0.txt,"TRANSCRIPT: President Trump Discusses Health Technology at the White House, 7.30.25",2025-07-30,35601,2770,1227,0.4429602888086643,20,7.220216606498195,13,0,3,2,1,2,3,1,3,9,0,2,1,1
07302025-1.txt,"TRANSCRIPT: President Trump Signs Veteran Loan Bill, 7.30.25",2025-07-30,19950,1492,646,0.43297587131367293,58,38.8739946380697,25,1,7,0,2,11,13,0,12,6,4,18,0,5
07312025-0.txt,"TRANSCRIPT: President Trump Signs An Executive Order in the Oval Office, 7.31.25",2025-07-31,36288,2661,1048,0.393836903419767,24,9.019165727170236,8,0,30,1,3,9,8,0,0,5,0,6,1,4
08012025-0.txt,"TRANSCRIPT: Rob Finnerty Interviews President Trump at the White House, 8.01.25",2025-08-01,30290,2113,842,0.3984855655466162,53,25.082820634169426,22,5,39,8,2,20,4,1,12,14,8,6,8,0
08012025-1.txt,"TRANSCRIPT: President Trump Speaks to Reporters Before Marine One Departure, 8.01.25",2025-08-01,10632,676,342,0.5059171597633136,23,34.023668639053255,9,0,3,1,1,2,7,0,0,7,1,7,1,0
08032025-0.txt,"TRANSCRIPT: President Trump Speaks to Reporters Before Air Force One Departure, 8.03.25",2025-08-03,9711,698,361,0.5171919770773639,17,24.355300859598852,9,2,12,0,2,7,5,0,5,1,0,4,0,2
08052025-0.txt,TRANSCRIPT: Joe Kernen of CNBC Interviews President Trump on ‘Squawk Box’ - 8.05.25,2025-08-05,43907,3117,1040,0.33365415463586784,111,35.611164581328204,55,8,21,14,3,25,25,2,21,12,3,16,17,15
08052025-1.txt,"TRANSCRIPT: President Trump Signs an Executive Order for an Olympics Task Force, 8.05.25",2025-08-05,31019,2271,978,0.43064729194187584,20,8.806693086745927,6,6,12,2,8,13,1,2,0,13,0,1,2,1
08062025-0.txt,TRANSCRIPT: Donald Trump Announces A Major Investment by Apple in Manufacturing - 08.06.2025,2025-08-06,38169,2904,1101,0.37913223140495866,85,29.269972451790636,41,3,23,15,1,14,16,6,11,27,9,2,9,5
08072025-0.txt,TRANSCRIPT: President Trump Speaks to Reporters from the Roof of the White House - 08.07.25,2025-08-07,1102,67,54,0.8059701492537313,0,0.0,0,0,0,0,0,0,0,0,0,0,0,0,0,0
08072025-1.txt,"TRANSCRIPT: President Trump Signs a Proclamation for National Purple Heart Day, 8.07.25",2025-08-07,13764,1082,580,0.5360443622920518,10,9.24214417744917,0,0,1,1,0,2,0,0,1,7,0,1,1,0
08082025-0.txt,"TRANSCRIPT: President Trump Signs a Trilateral Agreement with Armenia and Azerbaijan, 8.08.25",2025-08-08,39520,2779,1030,0.37063691975530766,21,7.556675062972292,17,1,87,5,0,7,12,0,1,1,0,1,6,0
08082025-1.txt,"TRANSCRIPT: President Trump Welcomes Ilham Aliyev of Azerbaijan to the White House, 8.08.25",2025-08-08,267,13,11,0.8461538461538461,0,0.0,0,0,1,0,0,0,0,0,0,0,0,0,0,0
08112025-0.txt,"TRANSCRIPT: Donald Trump Announces Military Deployment in Washington, 08.11.2025",2025-08-11,74812,5621,1654,0.29425369151396547,51,9.073118662159757,19,14,91,4,17,19,14,1,0,20,1,1,4,10
08132025-0.txt,"TRANSCRIPT: President Trump Announces the 2025 Kennedy Center Honorees, 8.13.25",2025-08-13,50265,3762,1250,0.3322700691121744,38,10.101010101010102,8,23,28,0,5,21,2,5,1,16,0,14,0,0
08142025-0.txt,TRANSCRIPT: Donald Trump Signs a Social Security Proclamation in the Oval Office - 08.14.25,2025-08-14,44176,3364,1194,0.3549346016646849,49,14.565992865636147,21,10,49,4,3,30,9,3,8,19,2,2,3,3
08152025-0.txt,"TRANSCRIPT: Donald Trump Holds a Bilateral Meeting with Vladimir Putin of Russia, 8.15.25",2025-08-15,511,31,22,0.7096774193548387,0,0.0,0,0,4,0,0,5,0,0,0,0,0,0,0,0
08152025-1.txt,"TRANSCRIPT: Sean Hannity of Fox News Interviews Donald Trump in Alaska, 8.15.25",2025-08-15,33284,2424,878,0.36221122112211224,44,18.151815181518153,17,1,73,14,2,13,12,1,5,6,0,0,12,8
08152025-2.txt,TRANSCRIPT: Bret Baier of Fox News Interviews Donald Trump En Route to Alaska - 08.15.25,2025-08-15,14797,1086,479,0.44106813996316757,14,12.89134438305709,17,1,42,3,1,13,5,1,2,0,0,0,3,3
08182025-0.txt,"TRANSCRIPT: Donald Trump Meets with European Leaders on Ukraine, 8.18.25",2025-08-18,24459,1693,631,0.3727111636148848,7,4.134672179562906,2,1,69,0,1,6,2,0,0,4,0,1,0,0
08182025-1.txt,"TRANSCRIPT: Donald Trump Discusses Vladimir Putin with Emmanuel Macron on a Hot Mic, 8.18.25",2025-08-18,588,47,35,0.7446808510638298,0,0.0,0,0,0,0,0,1,0,0,0,0,0,0,0,0
08182025-2.txt,"TRANSCRIPT: Donald Trump Holds a Bilat with Volodymyr Zelenskyy of Ukraine, 8.18.25",2025-08-18,26041,1840,696,0.3782608695652174,1,0.5434782608695652,1,0,94,0,2,19,1,0,0,0,0,0,0,0
08192025-0.txt,"TRANSCRIPT: Donald Trump Calls In for an Interview on Fox and Friends, 8.19.25",2025-08-19,30492,2108,747,0.3543643263757116,7,3.3206831119544593,7,10,85,0,1,12,6,0,1,0,0,0,0,0
08192025-1.txt,"TRANSCRIPT: Mark Levin Interviews Donald Trump on the Phone for His Radio Show, 8.19.25",2025-08-19,21304,1530,610,0.39869281045751637,8,5.228758169934641,6,2,51,2,1,14,2,0,0,4,0,0,2,0
08212025-0.txt,"TRANSCRIPT: Todd Starnes Interviews Donald Trump on His Radio Show, 8.21.25",2025-08-21,17563,1287,596,0.4630924630924631,6,4.662004662004662,1,5,7,1,2,11,0,0,2,3,0,0,1,0
08212025-1.txt,"TRANSCRIPT: President Trump Visits Park Police Officers in Washington, 8.21.25",2025-08-21,17783,1345,545,0.4052044609665427,20,14.869888475836431,5,0,2,11,5,2,0,5,0,11,0,0,3,1
08222025-0.txt,"TRANSCRIPT: President Trump Announces Plans to Deploy National Guard to Two U.S. Cities, 8.22.25",2025-08-22,56933,4168,1243,0.29822456813819576,47,11.276391554702496,30,10,32,2,2,18,12,0,0,15,13,5,2,0
08222025-1.txt,"TRANSCRIPT: President Trump Speaks to Reporters at The People's House, 8.22.25",2025-08-22,19202,1468,639,0.43528610354223435,8,5.449591280653951,2,0,2,2,2,16,1,0,1,5,0,0,1,0
08252025-0.txt,"TRANSCRIPT: Donald Trump Meets with Family Members of Fallen Servicemembers, 8.25.25",2025-08-25,19099,1344,608,0.4523809523809524,16,11.904761904761903,9,0,13,2,2,11,8,1,0,2,0,0,2,3
08252025-1.txt,"TRANSCRIPT: President Trump Holds a Bilat with Lee Jae-Myung of South Korea, 8.25.25",2025-08-25,45506,3322,1074,0.32329921733895245,53,15.954244431065623,17,3,83,18,4,24,14,0,1,7,0,0,10,21
08252025-2.txt,"TRANSCRIPT: President Trump Signs an Executive Order on Cashless Bail, 8.25.25",2025-08-25,81140,5822,1665,0.2859841978701477,79,13.569220199244246,28,14,68,2,18,42,20,1,2,39,3,1,2,11
08262025-0.txt,"TRANSCRIPT: President Trump Leads a Cabinet Meeting at the White House, 08.26.25",2025-08-26,194952,14829,3162,0.213230831478859,377,25.42315732685953,149,15,105,63,23,64,48,27,27,174,5,32,42,22
09022025-0.txt,"TRANSCRIPT: President Trump Announces Relocation of Space Command to Alabama, 09.02.25",2025-09-02,50059,3638,1249,0.3433205057724024,57,15.667949422759758,39,1,15,0,28,20,29,0,0,13,6,2,0,7
09032025-0.txt,"TRANSCRIPT: President Trump Holds a Bilateral Meeting with Karol Nawrocki of Poland, 9.03.25",2025-09-03,31217,2197,847,0.38552571688666365,43,19.572143832498863,29,0,37,1,10,12,20,8,2,5,0,0,1,7
09052025-0.txt,"TRANSCRIPT: President Trump Hosts a Dinner with GOP Representatives and Senators, 9.05.25",2025-09-05,22129,1635,618,0.3779816513761468,12,7.339449541284404,4,0,15,0,0,21,0,1,3,6,0,0,0,2
09112025-0.txt,"TRANSCRIPT: Donald Trump Addresses a September 11th Observance at The Pentagon, 9.11.25",2025-09-11,10327,901,579,0.6426193118756937,3,3.329633740288568,2,0,3,0,0,1,2,0,0,1,0,0,0,0
09152025-0.txt,"TRANSCRIPT: Donald Trump Signs a Memorandum to Deploy Troops in Memphis, Tennessee, 9.15.25",2025-09-15,50784,3643,1239,0.3401043096349163,22,6.038978863573978,2,12,11,1,13,8,0,0,0,16,1,0,1,4
09202025-0.txt,TRANSCRIPT: President Trump Addresses the American Cornerstone Institute Dinner - 9.20.25,2025-09-20,51803,4044,1274,0.31503461918892184,51,12.611275964391691,28,2,22,7,4,16,13,5,9,10,5,2,7,0
09202025-1.txt,TRANSCRIPT: Donald Trump Speaks to Reporters Before Marine One Departure - 9.20.25,2025-09-20,4335,271,156,0.5756457564575646,0,0.0,0,0,1,0,0,1,0,0,0,0,0,0,0,0
09212025-0.txt,TRANSCRIPT: Donald Trump Speaks to Reporters Before Marine One Departure - 9.21.25,2025-09-21,2429,171,112,0.6549707602339181,4,23.391812865497073,0,0,2,0,0,0,0,0,0,4,0,0,0,0
09212025-1.txt,"TRANSCRIPT: Donald Trump Speaks to Reporters on Board Air Force One, 9.21.25",2025-09-21,14370,1039,535,0.5149181905678537,9,8.662175168431183,0,0,4,4,7,7,0,0,1,3,0,0,4,1
09252025-0.txt,"TRANSCRIPT: President Trump Signs Executive Order To Facilitate TikTok Deal, 9.25.25",2025-09-25,59770,4304,1387,0.3222583643122677,94,21.84014869888476,47,9,36,3,18,17,15,16,10,6,7,20,3,17
09302025-0.txt,"TRANSCRIPT: President Trump Speaks to Reporters After Marine One Arrival, 09.30.25",2025-09-30,832,59,44,0.7457627118644068,6,101.6949152542373,2,0,0,0,0,2,0,0,6,0,0,0,0,0
10032025-0.txt,"TRANSCRIPT: President Trump Vlogs About Israel-Hamas Peace Proposal, 10.3.25",2025-10-03,1052,78,66,0.8461538461538461,0,0.0,0,0,4,0,0,0,0,0,0,0,0,0,0,0
10032025-1.txt,"TRANSCRIPT: Israel-Hamas Peace Proposal, 10.3.25",2025-10-03,1052,78,66,0.8461538461538461,0,0.0,0,0,4,0,0,0,0,0,0,0,0,0,0,0
10052025-0.txt,"TRANSCRIPT: President Trump Speaks to Reporters After Marine One Arrival, 10.5.25",2025-10-05,2298,159,110,0.6918238993710691,2,12.578616352201259,1,0,2,0,0,3,0,0,0,2,0,0,0,0
10052025-1.txt,"TRANSCRIPT: President Trump Speaks to Reporters Before Marine One Departure, 10.5.25",2025-10-05,7051,526,275,0.5228136882129277,1,1.9011406844106464,2,1,10,0,5,4,0,0,1,0,0,0,0,0
10052025-2.txt,"TRANSCRIPT: President Trump Addresses Service Members on the USS Harry S. Truman, 10.5.25",2025-10-05,37913,3159,1295,0.4099398543842988,13,4.11522633744856,2,0,23,0,3,11,2,0,0,10,0,0,0,1
10052025-3.txt,"TRANSCRIPT: President Trump Addresses Service Members on the USS Harry S. Truman, 10.5.25",2025-10-05,37913,3159,1295,0.4099398543842988,13,4.11522633744856,2,0,23,0,3,11,2,0,0,10,0,0,0,1
10052025-4.txt,"TRANSCRIPT: President Trump Speaks to Reporters After Marine One Arrival, 10.5.25",2025-10-05,2298,159,110,0.6918238993710691,2,12.578616352201259,1,0,2,0,0,3,0,0,0,2,0,0,0,0
10052025-5.txt,"TRANSCRIPT: President Trump Speaks to Reporters Before Marine One Departure, 10.5.25",2025-10-05,7070,528,275,0.5208333333333334,1,1.893939393939394,2,1,10,0,5,4,0,0,1,0,0,0,0,0
10062025-0.txt,"TRANSCRIPT: President Trump Signs an Executive Order on Alaskan Energy and Minerals, 10.6.25",2025-10-06,47998,3472,1201,0.3459101382488479,40,11.520737327188941,24,7,30,10,13,17,17,0,2,9,1,0,6,5
10062025-1.txt,"TRANSCRIPT: President Trump Holds a Bilateral Meeting with Mark Carney of Canada, 10.6.25",2025-10-06,33303,2427,805,0.33168520807581375,53,21.83765966213432,35,12,23,0,1,10,25,4,0,13,3,0,0,8
10062025-2.txt,"TRANSCRIPT: President Trump is Interviewed by Greg Kelly of Newsmax on the Telephone, 10.6.25",2025-10-06,14237,1079,509,0.4717330861909175,11,10.194624652455978,4,1,8,2,6,5,2,0,1,3,2,0,2,1
10082025-0.txt,"TRANSCRIPT: President Trump is Interviewed by Sean Hannity Live on the Telephone, 10.8.25",2025-10-08,22223,1634,661,0.40452876376988983,33,20.195838433292536,28,1,45,4,9,6,28,0,0,0,0,0,4,1
10082025-1.txt,"TRANSCRIPT: President Trump Holds an Antifa Roundtable with Internet Personalities, 10.8.25",2025-10-08,96596,7262,2148,0.2957862847700358,30,4.131093362709997,4,45,14,0,16,47,0,2,2,22,2,2,0,0
10092025-0.txt,"TRANSCRIPT: President Trump Holds a Bilat with Alexander Stubb of Finland, 10.9.25",2025-10-09,29263,2022,772,0.3818001978239367,11,5.440158259149357,11,8,67,2,0,9,4,0,3,2,0,0,2,0
10092025-1.txt,"TRANSCRIPT: President Trump Holds a Cabinet Meeting at the White House, 10.09.25",2025-10-09,70017,5247,1647,0.313893653516295,76,14.484467314655992,43,10,66,6,4,44,16,7,14,16,2,9,6,6
10102025-0.txt,"TRANSCRIPT: President Trump Announces a New Prescription Drug Discount, 10.10.25",2025-10-10,48792,3622,1292,0.35670900055218113,62,17.11761457758145,36,2,29,4,3,18,11,1,26,13,1,1,4,5
10102025-1.txt,"TRANSCRIPT: President Trump Announces a New Prescription Drug Discount, 10.10.25",2025-10-10,48792,3622,1292,0.35670900055218113,62,17.11761457758145,36,2,29,4,3,18,11,1,26,13,1,1,4,5
10112025-0.txt,"TRANSCRIPT: President Trump is Interviewed by His Granddaughter Kai Trump in Virginia, 10.11.25",2025-10-11,47128,3644,758,0.20801317233809002,10,2.7442371020856204,2,1,3,9,1,0,0,1,0,8,0,0,0,1
10132025-0.txt,"TRANSCRIPT: President Trump is Interviewed by Trey Yingst of Fox News at the Knesset, 10.13.25",2025-10-13,7031,475,294,0.6189473684210526,2,4.2105263157894735,0,0,12,1,0,6,0,0,0,1,0,0,1,0
10132025-1.txt,"TRANSCRIPT: President Trump Speaks to Reporters on Board Air Force One, 10.13.25",2025-10-13,16648,1113,532,0.4779874213836478,4,3.5938903863432166,1,2,14,0,0,3,1,0,0,3,0,0,0,0
10132025-2.txt,"TRANSCRIPT: President Trump Attends the Israel-Hamas Peace Agreement Signing in Egypt, 10.13.25",2025-10-13,9819,679,335,0.49337260677466865,6,8.836524300441827,0,0,6,0,0,5,0,0,0,5,0,0,0,1
10132025-3.txt,"TRANSCRIPT: President Trump Speaks to Reporters During a Photo Op in Egypt, 10.13.25",2025-10-13,10591,756,366,0.48412698412698413,5,6.613756613756613,0,0,24,0,0,0,0,0,0,5,0,0,0,0
10132025-4.txt,"TRANSCRIPT: President Trump Addresses the Israeli Knesset in Jerusalem, 10.13.25",2025-10-13,83586,6548,2073,0.31658521686010993,16,2.443494196701283,5,4,277,2,5,11,1,0,3,7,2,1,2,0
10142025-0.txt,"TRANSCRIPT: President Trump Gives Charlie Kirk a Posthumous Medal of Freedom, 10.14.25",2025-10-14,27123,2081,904,0.4344065353195579,13,6.246996636232581,0,1,6,1,5,1,0,0,0,13,0,0,0,0
10142025-1.txt,"TRANSCRIPT: President Trump Holds a Bilat over Lunch with Javier Milei of Argentina, 10.14.25",2025-10-14,52999,3846,1299,0.3377535101404056,49,12.740509620384815,22,0,62,1,7,49,8,0,6,13,0,4,1,17
10152025-0.txt,"TRANSCRIPT: President Trump Hosts a Ballroom Dinner at the White House, 10.15.25",2025-10-15,38695,2845,976,0.3430579964850615,29,10.193321616871705,21,5,19,0,0,3,13,5,0,2,4,3,0,2
10162025-0.txt,"TRANSCRIPT: President Trump Announces Efforts to Reduce Fertility Treatment Costs, 10.16.25",2025-10-16,56748,4287,1507,0.3515278749708421,64,14.928854676930255,24,0,25,6,8,19,4,4,30,16,1,4,5,0
10172025-0.txt,"TRANSCRIPT: President Trump Speaks to Reporters After Air Force One Arrival, 10.17.25",2025-10-17,1116,79,59,0.7468354430379747,0,0.0,0,0,2,0,0,1,0,0,0,0,0,0,0,0
10172025-1.txt,"TRANSCRIPT: President Trump Welcomes Volodymyr Zelenskyy of Ukraine to the White House, 10.17.25",2025-10-17,403,27,18,0.6666666666666666,0,0.0,0,0,5,0,0,0,0,0,0,0,0,0,0,0
10172025-2.txt,"TRANSCRIPT: President Trump Holds a Bilat Lunch with Volodymyr Zelenskyy of Ukraine, 10.17.25",2025-10-17,36926,2540,849,0.334251968503937,42,16.53543307086614,16,0,140,6,1,10,14,0,1,6,0,0,6,15
10192025-0.txt,"TRANSCRIPT: President Trump Speaks with Bartiromo on Fox News Sunday Morning Futures, 10.19.25",2025-10-19,37209,2714,972,0.35814296241709653,52,19.15991156963891,25,2,85,4,10,22,22,0,0,2,2,0,4,22
10192025-1.txt,"TRANSCRIPT: President Trump Speaks to Reporters on Board Air Force One, 10.19.25",2025-10-19,19990,1388,622,0.44812680115273773,38,27.377521613832855,22,1,13,7,3,9,16,2,5,0,0,0,7,8
10202025-0.txt,"TRANSCRIPT: President Trump Holds a Bilateral Lunch with Anthony Albanese of Australia, 10.20.25",2025-10-20,36382,2578,863,0.334755624515128,77,29.86811481768813,39,0,58,1,0,10,37,0,1,8,0,0,0,31
10202025-1.txt,"TRANSCRIPT: President Trump Congratulates the Champion LSU Baseball Team, 10.20.25",2025-10-20,30206,2360,910,0.3855932203389831,16,6.779661016949152,5,2,0,0,1,1,0,5,0,11,0,0,0,0
10212025-0.txt,"TRANSCRIPT: President Trump Attends a Diwali Celebration at the White House, 10.21.25",2025-10-21,42168,3142,1055,0.3357733927434755,71,22.59707192870783,44,1,39,4,15,14,18,6,13,20,1,3,4,6
10212025-1.txt,"TRANSCRIPT: President Trump Hosts Republican Senators in the Rose Garden for Lunch, 10.21.25",2025-10-21,41828,3196,1062,0.33229036295369213,70,21.90237797246558,41,6,10,3,5,33,27,12,1,19,0,2,1,8
10222025-0.txt,"TRANSCRIPT: President Trump Holds a Bilateral Meeting With Mark Rutte of NATO, 10.22.25",2025-10-22,30439,2223,811,0.36482231219073324,48,21.59244264507422,26,2,96,12,12,13,21,0,3,3,2,4,9,6
10232025-0.txt,"TRANSCRIPT: President Trump Speaks at a Homeland Security Roundtable, 10.23.25",2025-10-23,85862,6154,1816,0.29509262268443287,46,7.474813129671758,16,21,35,0,17,45,8,0,1,25,2,4,0,6
10242025-0.txt,"TRANSCRIPT: President Trump Speaks to Reporters Before Marine One Departure, 10.24.25",2025-10-24,5897,413,206,0.49878934624697335,11,26.634382566585955,6,0,0,5,0,3,4,0,0,0,2,0,5,0
10242025-1.txt,"TRANSCRIPT: President Trump Speaks to Reporters On Air Force One, 10.24.25",2025-10-24,16169,1139,469,0.4117647058823529,33,28.97278314310799,22,0,16,0,1,5,20,0,1,0,2,1,0,9
10242025-2.txt,"TRANSCRIPT: President Trump Joins a Tele-Rally for Jack Ciattarelli in New Jersey, 10.24.25",2025-10-24,5178,462,291,0.6298701298701299,8,17.316017316017316,7,2,1,0,0,3,0,5,1,2,0,0,0,0
10252025-0.txt,"TRANSCRIPT: President Trump Holds a Bilat With Tamim bin Hamad Al Thani of Qatar, 10.25.25",2025-10-25,1990,149,94,0.6308724832214765,0,0.0,0,0,1,0,0,1,0,0,0,0,0,0,0,0
10252025-1.txt,"TRANSCRIPT: President Trump Speaks to Reporters On Air Force One, 10.25.25",2025-10-25,6777,490,265,0.5408163265306123,8,16.3265306122449,0,0,20,3,1,0,0,0,0,0,0,0,3,5
10262025-0.txt,"TRANSCRIPT: Trump:  Holds a Bilat and Trade Deal Signing with PM of Malaysia, 10.26.25",2025-10-26,2431,165,102,0.6181818181818182,2,12.121212121212121,1,0,1,0,0,0,0,0,0,1,0,0,0,1
10262025-1.txt,"TRANSCRIPT: President Trump Attends a Working Lunch at the ASEAN Summit in Malaysia, 10.26.25",2025-10-26,5753,477,290,0.6079664570230608,5,10.482180293501049,3,0,7,2,0,0,3,0,0,0,0,0,2,0
10262025-2.txt,"TRANSCRIPT: President Trump Holds a Bilat with Lula da Silva of Brazil in Kuala Lumpur, 10.26.25",2025-10-26,9044,634,272,0.42902208201892744,18,28.391167192429023,4,0,17,0,0,4,3,0,0,0,0,1,0,14
10262025-3.txt,"TRANSCRIPT: President Trump Attends an ASEAN Family Photo for World Leaders in Malaysia, 10.26.25",2025-10-26,441,28,23,0.8214285714285714,0,0.0,0,0,0,0,0,1,0,0,0,0,0,0,0,0
10262025-4.txt,"TRANSCRIPT: President Trump Joins a Peace Treaty Signing with Cambodia and Thailand, 10.26.25",2025-10-26,18705,1412,679,0.48087818696883855,11,7.790368271954674,6,4,35,0,1,0,6,0,0,4,0,0,0,1
10272025-0.txt,"TRANSCRIPT: President Trump Meets with Families of North Korean Kidnap Victims, 10.27.25",2025-10-27,1671,104,68,0.6538461538461539,0,0.0,0,0,0,0,0,0,0,0,0,0,0,0,0,0
10272025-1.txt,"TRANSCRIPT: President Trump Holds a Bilat with Sanae Takaichi of Japan in Tokyo, 10.27.25",2025-10-27,12076,725,350,0.4827586206896552,5,6.896551724137931,6,0,7,0,0,1,4,0,0,1,0,0,0,0
10272025-2.txt,"TRANSCRIPT: President Trump Arrives at a Meeting with Emperor Naruhito of Japan, 10.27.25",2025-10-27,302,18,14,0.7777777777777778,0,0.0,0,0,0,0,0,0,0,0,0,0,0,0,0,0
10282025-0.txt,"TRANSCRIPT: President Trump Speaks to Reporters on Board Air Force One, 10.28.25",2025-10-28,24405,1808,701,0.3877212389380531,43,23.783185840707965,23,9,16,8,3,8,11,0,3,6,7,0,5,11
10282025-1.txt,"TRANSCRIPT: President Trump Addresses the Troops on the USS George Washington in Japan, 10.28.25",2025-10-28,52319,4096,1351,0.329833984375,53,12.939453125,30,8,42,11,2,11,15,0,10,16,7,3,2,0
10282025-2.txt,"TRANSCRIPT: President Trump Addresses a Business Leaders Dinner in Tokyo, 10.28.25",2025-10-28,39914,3013,1033,0.34284766013939594,85,28.211085297046136,42,5,21,16,1,5,20,5,4,22,13,7,10,4
10282025-3.txt,"TRANSCRIPT: President Trump Attends a Business Leaders Reception in Tokyo, 10.28.25",2025-10-28,6062,468,286,0.6111111111111112,13,27.777777777777775,7,0,2,6,0,0,5,0,0,1,2,0,5,0
10282025-4.txt,"TRANSCRIPT: President Trump Speaks to Reporters After Marine One Arrival, 10.28.25",2025-10-28,238,14,12,0.8571428571428571,0,0.0,0,0,0,0,0,0,0,0,0,0,0,0,0,0
10292025-0.txt,"TRANSCRIPT: President Trump Holds a Bilateral Meeting with Kim Min-seok of South Korea, 10.29.25",2025-10-29,11530,845,426,0.5041420118343195,6,7.100591715976331,3,0,11,3,0,2,0,0,0,2,1,0,3,0
10292025-1.txt,"TRANSCRIPT: President Trump Greets Xi Jinping of China in Busan, South Korea, 10.29.25",2025-10-29,949,62,48,0.7741935483870968,2,32.25806451612903,1,0,1,0,0,1,1,0,0,0,0,0,0,1
10292025-2.txt,"TRANSCRIPT: President Trump Holds a Bilat with Xi Jinping of China in Busan, South Korea, 10.29.25",2025-10-29,3421,257,195,0.7587548638132295,10,38.91050583657588,2,2,12,0,0,2,1,0,0,0,0,0,0,9
10292025-3.txt,"TRANSCRIPT: President Trump Attends a Dinner with Lee Jae Myung of South Korea, 10.29.25",2025-10-29,4919,356,209,0.5870786516853933,14,39.32584269662921,7,0,4,0,0,0,5,0,0,2,5,0,0,2
10292025-4.txt,"TRANSCRIPT: President Trump Receives the Grand Order of Mugunghwa in South Korea, 10.29.25",2025-10-29,3432,209,121,0.5789473684210527,0,0.0,0,0,5,0,0,0,0,0,0,0,0,0,0,0
10302025-0.txt,"TRANSCRIPT: President Trump Speaks to Reporters on Board Air Force One, 10.30.25",2025-10-30,16355,1162,503,0.43287435456110157,35,30.120481927710845,10,0,42,4,2,0,10,0,1,0,0,0,3,21
10312025-0.txt,"TRANSCRIPT: President Trump Speaks to Reporters on After Air Force One Arrival, 10.31.25",2025-10-31,2115,160,109,0.68125,2,12.5,0,0,1,0,0,2,0,0,1,0,0,0,0,1
10312025-1.txt,"TRANSCRIPT: President Trump Speaks to Reporters on Board Air Force One, 10.31.25",2025-10-31,8575,591,313,0.5296108291032149,13,21.99661590524535,2,0,9,1,2,8,2,0,1,0,0,0,1,9
11022025-0.txt,"TRANSCRIPT: President Trump Speaks to Reporters on Board Air Force One, 11.2.25",2025-11-02,9955,712,367,0.5154494382022472,19,26.685393258426966,15,0,10,0,3,5,13,0,0,2,2,0,0,2
11052025-0.txt,"TRANSCRIPT: President Trump Hosts a Breakfast for GOP Senators at the White House, 11.5.25",2025-11-05,20821,1508,630,0.4177718832891247,29,19.230769230769234,14,0,4,1,7,23,3,5,0,9,5,2,1,4
11062025-0.txt,"TRANSCRIPT: President Trump Announces Deals to Lower Some Prescription Drug Prices, 11.06.25",2025-11-06,70760,5429,1705,0.3140541536194511,142,26.155829802910297,85,5,17,5,13,26,38,4,62,16,8,3,5,6
11062025-1.txt,"TRANSCRIPT: President Trump Holds a Multilateral Dinner with Central Asian Leaders, 11.06.25",2025-11-06,34224,2555,1087,0.425440313111546,32,12.524461839530334,23,1,43,6,5,19,8,0,5,8,0,1,5,5
11062025-2.txt,"TRANSCRIPT: President Trump Announces Deals to Lower Some Prescription Drug Prices, 11.6.25",2025-11-06,70760,5429,1705,0.3140541536194511,142,26.155829802910297,85,5,17,5,13,26,38,4,62,16,8,3,5,6
11062025-3.txt,"TRANSCRIPT: President Trump Holds a Multilateral Dinner with Central Asian Leaders, 11.06.25",2025-11-06,34224,2555,1087,0.425440313111546,32,12.524461839530334,23,1,43,6,5,19,8,0,5,8,0,1,5,5
11072025-0.txt,"TRANSCRIPT: President Trump Holds a Bilateral Meeting With Viktor Orbán of Hungary, 11.7.25",2025-11-07,39014,2775,929,0.3347747747747748,92,33.153153153153156,39,14,54,38,1,44,6,1,28,12,1,4,37,3
11072025-1.txt,"TRANSCRIPT: President Trump Welcomes Viktor Orbán of Hungary to the White House, 11.7.25",2025-11-07,337,26,24,0.9230769230769231,1,38.46153846153847,0,0,2,1,0,0,0,0,0,0,0,0,1,0
11092025-0.txt,"TRANSCRIPT: President Trump is Interviewed by Kenny Albert and Jonathan Vilma on Fox Sports, 11.9.25",2025-11-09,11397,865,380,0.4393063583815029,12,13.872832369942197,5,0,1,0,0,0,2,0,2,6,2,0,0,0
11092025-1.txt,"TRANSCRIPT: President Trump Administers the Oath to Servicemembers at a Commanders Game, 11.9.25",2025-11-09,553,43,40,0.9302325581395349,0,0.0,0,0,0,0,1,0,0,0,0,0,0,0,0,0
11102025-0.txt,"TRANSCRIPT: President Trump Speaks with Laura Ingraham on The Ingraham Angle, 11.10.25",2025-11-10,47346,3513,1197,0.340734415029889,102,29.035012809564474,40,3,25,7,2,33,18,7,11,18,0,15,7,26
11112025-0.txt,"TRANSCRIPT: President Trump Delivers Veterans Day Remarks at Arlington Cemetery,  11.11.25",2025-11-11,16998,1404,779,0.5548433048433048,12,8.547008547008549,2,1,17,2,1,3,1,0,1,6,0,2,2,0
11122025-0.txt,TRANSCRIPT: President Trump Signs Legislation to End the Government Shutdown - 11.12.25,2025-11-12,10587,853,453,0.5310668229777257,28,32.825322391559205,18,0,0,1,0,15,0,10,4,4,5,4,1,0
11142025-0.txt,"TRANSCRIPT: President Trump Speaks to Reporters on Board Air Force One, 11.14.25",2025-11-14,28635,2013,780,0.38748137108792846,60,29.806259314456035,40,0,31,0,17,25,20,0,20,2,1,4,0,13
11142025-1.txt,"TRANSCRIPT: President Trump is interviewed by Bev Turner of GB News in the White House, 11.14.25",2025-11-14,49474,3503,1128,0.32200970596631456,58,16.557236654296318,9,10,17,42,11,34,2,0,7,8,0,0,34,7
11162025-0.txt,"TRANSCRIPT: President Trump Speaks to Reporters Before Air Force One Departure, 11.16.25",2025-11-16,9997,709,359,0.5063469675599436,9,12.693935119887165,6,1,6,0,4,11,0,0,6,2,1,0,0,0
11172025-0.txt,"TRANSCRIPT: President Trump Meets with the White House FIFA Task Force, 11.17.25",2025-11-17,38374,2770,1013,0.36570397111913355,43,15.52346570397112,29,3,6,2,2,17,13,1,3,21,1,1,2,1
11172025-1.txt,"TRANSCRIPT: President Trump Addresses the McDonald’s Impact Summit, 11.17.25",2025-11-17,45748,3502,1206,0.34437464306110793,119,33.980582524271846,71,2,11,16,1,21,3,25,29,30,14,0,16,2
11182025-0.txt,"TRANSCRIPT: President Trump Holds a Bilat with Mohammed bin Salman of Saudi Arabia, 11.18.25",2025-11-18,42910,3091,1058,0.3422840504691039,53,17.146554513102554,26,2,32,12,4,29,4,0,8,22,1,5,9,4
11182025-1.txt,"TRANSCRIPT: President Trump Hosts a Dinner for Mohammed bin Salman of Saudi Arabia, 11.18.25",2025-11-18,17475,1331,627,0.47107438016528924,17,12.772351615326823,11,0,21,2,0,1,4,0,0,7,2,1,2,1
11192025-0.txt,"TRANSCRIPT: President Trump Addresses the U.S.-Saudi Investment Forum in Washington, 11.19.25",2025-11-19,56387,4343,1299,0.29910200322357816,126,29.01220354593599,65,0,26,37,2,17,13,18,15,49,5,6,19,1
11212025-0.txt,"TRANSCRIPT: President Trump Meets with Mamdani in the Oval Office, 11.21.25",2025-11-21,35910,2572,950,0.3693623639191291,32,12.441679626749611,18,7,22,5,1,12,2,9,8,7,0,1,5,0
11212025-1.txt,"TRANSCRIPT: President Trump Speaks with Brian Kilmeade of Fox News Radio for His Radio Show, 11.21.25",2025-11-21,24760,1822,773,0.4242590559824369,10,5.488474204171241,5,3,26,2,6,12,0,0,0,7,1,0,2,0
11222025-0.txt,"TRANSCRIPT: President Trump Speaks To Reporters Before Marine One Departure, 11.22.25",2025-11-22,3600,247,161,0.6518218623481782,0,0.0,1,0,5,0,0,0,0,0,0,0,0,0,0,0
11252025-0.txt,"TRANSCRIPT: President Trump delivers a Thanksgiving Message, 11.25.25",2025-11-25,904,71,60,0.8450704225352113,0,0.0,0,0,0,0,0,0,0,0,0,0,0,0,0,0
11252025-1.txt,"TRANSCRIPT: President Trump Speaks to Reporters on Board Air Force One, 11.25.25",2025-11-25,12868,898,439,0.4888641425389755,8,8.908685968819599,4,4,34,0,5,5,3,1,0,2,0,0,0,2
11252025-2.txt,"TRANSCRIPT: President Trump Pardons the Thanksgiving Turkey at the White House, 11.25.25",2025-11-25,16949,1350,650,0.48148148148148145,18,13.333333333333334,7,4,4,0,4,5,0,4,2,12,0,0,0,0
11262025-0.txt,"TRANSCRIPT: President Trump Addresses the National Guard Shooting in Washington, 11.26.2025",2025-11-26,4282,352,262,0.7443181818181818,1,2.840909090909091,0,0,1,0,1,3,0,0,1,0,0,0,0,0
11272025-0.txt,"TRANSCRIPT: President Trump Speaks with Servicemembers Via Video on Thanksgiving, 11.27.25",2025-11-27,54737,4058,1335,0.32897979300147856,43,10.596352883193692,14,24,14,1,1,17,9,1,0,20,4,1,1,7
11302025-0.txt,"TRANSCRIPT: President Trump Speaks to Reporters on Board Air Force One, 11.30.25",2025-11-30,17041,1023,474,0.4633431085043988,6,5.865102639296188,4,4,13,0,1,12,0,0,4,2,0,0,0,0
12022025-0.txt,"TRANSCRIPT: President Trump Announces New Child Savings Accounts for Americans, 12.2.25",2025-12-02,39046,2833,1018,0.3593363925167667,44,15.531238969290504,23,1,2,2,1,7,2,9,0,9,12,9,2,1
12022025-1.txt,"TRANSCRIPT: President Trump Holds a Cabinet Meeting at the White House, 12.2.25",2025-12-02,135378,10416,2713,0.2604646697388633,262,25.153609831029186,146,31,72,41,17,73,36,24,71,69,10,16,29,7
12032025-0.txt,"TRANSCRIPT: President Trump Announces a Reduction in Automobile Mileage Standards, 12.3.25",2025-12-03,61923,4596,1386,0.30156657963446476,118,25.674499564838992,77,2,32,18,5,25,21,12,32,26,8,9,4,6
12042025-0.txt,"TRANSCRIPT: President Trump Participates in Lighting the 2025 National Christmas Tree, 12.4.25",2025-12-04,6612,536,340,0.6343283582089553,5,9.328358208955223,2,4,4,1,1,1,0,0,1,4,0,0,0,0
12042025-1.txt,"TRANSCRIPT: President Trump Attends a Signing Ceremony with Rwanda and the DRC, 12.4.25",2025-12-04,33733,2609,1254,0.48064392487543117,20,7.6657723265619016,15,0,35,3,1,2,5,0,2,9,0,1,3,0
12052025-0.txt,"TRANSCRIPT: President Trump Speaks to Reporters at the FIFA World Cup Drawing, 12.5.25",2025-12-05,14280,1034,397,0.3839458413926499,13,12.572533849129593,1,1,6,0,1,4,1,0,0,12,0,0,0,0
12052025-1.txt,"TRANSCRIPT: President Trump Receives the Newly-Established FIFA Peace Prize, 12.5.25",2025-12-05,4685,331,225,0.6797583081570997,1,3.0211480362537766,0,0,12,1,0,0,0,0,0,1,0,0,0,0
12052025-2.txt,"TRANSCRIPT: President Trump Attends the FIFA World Cup Drawing in Washington, 12.5.25",2025-12-05,6899,526,297,0.564638783269962,0,0.0,0,0,0,0,0,0,0,0,0,0,0,0,0,0
12052025-3.txt,"TRANSCRIPT: President Trump Attends an Andrea Bocelli Concert at the White House, 12.5.25",2025-12-05,3437,237,147,0.620253164556962,2,8.438818565400844,0,0,0,0,0,1,0,0,0,2,0,0,0,0
12062025-0.txt,"TRANSCRIPT: President Trump Addresses a Kennedy Center Honors Dinner in Washington, 12.6.25",2025-12-06,36735,2872,951,0.3311281337047354,24,8.356545961002785,9,3,2,0,2,8,0,7,1,15,0,1,0,0
12072025-0.txt,"TRANSCRIPT: President Trump Speaks to Reporters on the Kennedy Center Red Carpet, 12.7.25",2025-12-07,25989,1830,699,0.3819672131147541,27,14.754098360655739,16,1,12,1,3,4,10,0,0,11,4,1,1,0
12082025-0.txt,"TRANSCRIPT: President Trump Holds a Roundtable on American Farmers, 12.8.25",2025-12-08,63706,4667,1462,0.3132633383329762,144,30.85493893293336,108,1,26,8,13,50,34,15,37,14,15,10,7,12
12082025-1.txt,"TRANSCRIPT: President Trump Speaks with Dasha Burns of Politico at the White House, 12.8.25",2025-12-08,50594,3659,1157,0.316206613828915,53,14.48483192128997,28,17,62,8,18,22,9,0,7,12,3,8,8,6
12092025-0.txt,"TRANSCRIPT: President Trump Speaks to Reporters on Board Air Force One, 12.9.25",2025-12-09,3373,246,164,0.6666666666666666,6,24.390243902439025,6,0,0,0,0,1,0,6,0,0,0,0,0,0
12092025-1.txt,"TRANSCRIPT: President Trump Holds a Political Rally in Mount Pocono, Pennsylvania - 12.9.25",2025-12-09,82418,6389,1641,0.2568477069964001,214,33.49506965096259,101,39,26,73,4,63,14,19,52,47,10,10,50,12
12102025-0.txt,"TRANSCRIPT: President Trump Holds a Business Roundtable at the White House, 12.10.25",2025-12-10,67410,4913,1457,0.2965601465499695,121,24.628536535721555,58,9,17,27,0,18,9,10,27,18,10,20,25,2
12112025-0.txt,"TRANSCRIPT: President Trump Speaks at the Congressional Ball at the White House,12.11.25",2025-12-11,18816,1431,578,0.40391334730957373,22,15.373864430468204,8,0,1,0,0,16,3,1,0,12,3,3,0,0
12112025-1.txt,"TRANSCRIPT: President Trump Signs an Executive Order on Artificial Intelligence, 12.11.25",2025-12-11,19195,1422,670,0.4711673699015471,38,26.722925457102672,25,0,32,2,0,3,7,0,1,6,4,1,1,18
12122025-0.txt,"TRANSCRIPT: President Trump Signs a Bill Honoring the 1980 Men's Olympic Hockey Team, 12.12.25",2025-12-12,4500,351,225,0.6410256410256411,1,2.849002849002849,0,5,2,0,0,2,0,0,0,1,0,0,0,0
12132025-0.txt,"TRANSCRIPT: President Trump Speaks to Reporters Before Marine One Departure, 12.13.25",2025-12-13,979,58,40,0.6896551724137931,0,0.0,0,0,0,0,0,0,0,0,0,0,0,0,0,0
12132025-1.txt,"TRANSCRIPT: President Trump Speaks to Reporters After Marine One Arrival, 12.13.25",2025-12-13,439,29,26,0.896551724137931,0,0.0,0,0,0,0,0,0,0,0,0,0,0,0,0,0
12142025-0.txt,"TRANSCRIPT: President Trump Addresses a White House Christmas Reception, 12.14.25",2025-12-14,40377,3168,998,0.31502525252525254,39,12.31060606060606,15,2,3,1,2,8,5,0,7,17,0,8,0,2
12152025-0.txt,"TRANSCRIPT: President Trump Presents Mexican Border Defense Medals to Service Members, 12.15.25",2025-12-15,40489,3055,1179,0.38592471358428804,47,15.384615384615385,23,47,54,3,6,25,11,0,6,15,10,0,3,2
12162025-0.txt,"TRANSCRIPT: President Trump Attends a Hanukkah Reception at the White House, 12.16.25",2025-12-16,38573,2961,1046,0.35325903411009796,14,4.7281323877068555,1,0,58,2,9,22,1,0,1,9,0,1,2,0
12172025-0.txt,"TRANSCRIPT: President Trump Delivers a Live Prime-Time Address to the Nation, 12.17.25",2025-12-17,15263,1304,666,0.5107361963190185,61,46.77914110429448,34,12,5,6,0,15,7,5,25,14,1,4,5,0
12172025-1.txt,"TRANSCRIPT: President Trump Speaks Briefly to Reporters After Marine One Arrival, 12.17.25",2025-12-17,174,16,9,0.5625,0,0.0,0,0,0,0,0,0,0,0,0,0,0,0,0,0
12172025-2.txt,"TRANSCRIPT: President Trump Speaks to Reporters After Air Force One Arrival, 12.17.25",2025-12-17,1687,111,78,0.7027027027027027,8,72.07207207207207,0,0,0,5,1,0,0,0,0,3,0,0,5,0
12182025-0.txt,"TRANSCRIPT: President Trump Signs an Executive Order to Ease Cannabis Rules, 12.18.25",2025-12-18,35547,2587,1100,0.42520293776575185,17,6.571318129107073,12,1,8,0,1,10,1,0,10,3,3,0,0,0
12192025-0.txt,"TRANSCRIPT: President Trump Holds a Political Rally in Rocky Mount, North Carolina, 12.19.25",2025-12-19,77033,5967,1600,0.2681414446120328,149,24.970672029495557,92,12,14,4,6,68,19,15,59,40,6,3,4,3
12192025-1.txt,"TRANSCRIPT: President Trump Speaks Briefly to Reporters Before Marine One Departure, 12.19.25",2025-12-19,620,40,39,0.975,1,25.0,1,0,0,0,0,0,0,0,1,0,0,0,0,0
12222025-0.txt,"TRANSCRIPT: President Trump Announces a New Class of Naval Vessel in Mar-a-Lago, 12.22.25",2025-12-22,48915,3775,1249,0.3308609271523179,56,14.834437086092715,17,4,52,10,1,19,5,0,15,14,2,3,9,8
12242025-0.txt,"TRANSCRIPT: President Trump Holds Santa NORAD Calls at Mar-a-Lago, 12.24.25",2025-12-24,17694,1231,375,0.30463038180341184,7,5.686433793663688,2,0,3,6,0,0,2,0,1,3,0,0,0,1
12262025-0.txt,"TRANSCRIPT: President Trump Speaks with John Catsimatidis of WABC on Sid & Friends, 12.26.25",2025-12-26,6290,445,242,0.5438202247191011,20,44.9438202247191,5,0,4,7,0,4,0,4,3,2,0,2,7,2
12282025-0.txt,"TRANSCRIPT: President Trump Holds a Bilat with Volodymyr Zelenskyy of Ukraine, 12.28.25",2025-12-28,632,43,38,0.8837209302325582,0,0.0,0,0,0,0,0,1,0,0,0,0,0,0,0,0
12282025-1.txt,"TRANSCRIPT: President Trump Greets Volodymyr Zelenskyy on Arrival at Mar-a-Lago, 12.28.25",2025-12-28,6305,424,214,0.5047169811320755,2,4.716981132075471,3,0,24,0,0,0,0,0,0,2,0,0,0,0
12282025-2.txt,"TRANSCRIPT: President Trump Holds a Joint Press Event with Volodymyr Zelenskyy, 12.28.25",2025-12-28,24012,1617,640,0.39579468150896724,6,3.7105751391465676,4,0,73,1,0,1,2,0,1,2,0,0,1,0
12292025-0.txt,"TRANSCRIPT: President Trump Holds a Joint Press Event with Benjamin Netanyahu, 12.29.25",2025-12-29,26286,1825,726,0.3978082191780822,16,8.767123287671232,0,3,69,1,0,4,0,0,4,4,0,4,0,4
12292025-1.txt,"TRANSCRIPT: President Trump Greets Benjamin Netanyahu on Arrival at Mar-a-Lago, 12.29.25",2025-12-29,15424,1051,500,0.47573739295908657,4,3.805899143672693,3,0,35,0,1,3,0,0,1,3,0,0,0,0
12312025-0.txt,"TRANSCRIPT: President Trump Arrives at a New Year's Eve Party at Mar-a-Lago, 12.31.25",2025-12-31,476,32,28,0.875,0,0.0,0,0,4,0,0,0,0,0,0,0,0,0,0,0
UNKNOWNDATE-0.txt,"TRANSCRIPT: President Trump Signs an Executive Order on Foster Care, November 13, 2025",,13369,1073,584,0.5442684063373718,18,16.775396085740912,8,0,0,0,0,1,0,7,0,9,0,2,0,0
UNKNOWNDATE-1.txt,"TRANSCRIPT: Pat McAfee Interviews Donald Trump on His ESPN Show, November 11, 2025",,28812,2120,747,0.35235849056603774,11,5.188679245283018,2,0,1,0,0,2,1,0,3,5,1,1,0,0
UNKNOWNDATE-10.txt,"TRANSCRIPT: Remarks: Donald Trump Meets with Foreign Ministers from DRC and Rwanda - June 27, 2025",,48631,3449,1144,0.33169034502754424,66,19.13598144389678,40,4,75,2,1,16,13,10,9,12,1,19,1,1
UNKNOWNDATE-11.txt,"TRANSCRIPT: Press Gaggle: Donald Trump Speaks to Reporters Before Air Force One Departure - July 6, 2025",,8416,598,323,0.540133779264214,15,25.08361204013378,10,0,19,1,0,4,8,0,2,0,0,4,1,0
UNKNOWNDATE-12.txt,"TRANSCRIPT: Press Gaggle: Donald Trump Speaks to Reporters On Board Air Force One - July 4, 2025",,10644,745,414,0.5557046979865772,10,13.422818791946309,7,3,7,0,2,6,4,3,0,2,0,1,0,0
UNKNOWNDATE-13.txt,"TRANSCRIPT: Remarks: Donald Trump Hosts a Fourth of July Celebration at the White House - July 4, 2025",,22152,1773,763,0.43034404963338974,45,25.380710659898476,24,3,14,11,1,10,0,17,0,19,2,2,1,4
UNKNOWNDATE-14.txt,"TRANSCRIPT: Press Gaggle: Donald Trump Speaks to Reporters Before Air Force One Departure - July 3, 2025",,8310,560,301,0.5375,7,12.5,6,2,9,0,0,1,2,1,0,2,2,0,0,0
UNKNOWNDATE-15.txt,"TRANSCRIPT: Press Gaggle: Donald Trump Speaks to Reporters Before Marine One Departure - July 1, 2025",,7930,580,309,0.5327586206896552,5,8.620689655172413,4,2,6,5,0,4,0,3,0,1,0,0,1,0
UNKNOWNDATE-16.txt,"TRANSCRIPT: Donald Trump Holds a Bilat with Dick Schoof of the Netherlands - June 25, 2025",,4266,302,182,0.6026490066225165,7,23.17880794701987,0,0,5,2,0,12,0,0,0,5,0,0,2,0
UNKNOWNDATE-17.txt,"TRANSCRIPT: Press Gaggle: Donald Trump Speaks to Reporters Before Marine One Departure - June 24, 2025",,5881,446,227,0.5089686098654709,3,6.72645739910314,0,0,25,0,0,7,0,0,0,3,0,0,0,0
UNKNOWNDATE-18.txt,"TRANSCRIPT: Press Gaggle: Donald Trump Speaks to Reporters on Board Air Force One - June 24, 2025",,8880,636,334,0.5251572327044025,11,17.29559748427673,0,0,27,6,0,7,0,0,1,3,0,0,7,0
UNKNOWNDATE-19.txt,"TRANSCRIPT: Remarks: Donald Trump Inspects the Flagpole Installation at the White House - June 18, 2025",,41169,3066,1055,0.3440965427266797,56,18.2648401826484,23,7,27,5,4,15,6,6,10,12,0,18,2,2
UNKNOWNDATE-2.txt,"TRANSCRIPT: Remarks: Donald Trump Joins a Tele-Rally for Jack Ciattarelli in New Jersey - November 3, 2025",,5922,469,278,0.5927505330490405,26,55.437100213219615,7,2,0,10,0,6,0,5,8,2,0,1,10,0
UNKNOWNDATE-3.txt,"TRANSCRIPT: Donald Trump Delivers the Keynote at the APEC CEO Lunch in South Korea - October 29, 2025",,41918,3320,1121,0.33765060240963857,103,31.02409638554217,69,2,30,22,1,11,31,4,10,15,17,15,10,1
UNKNOWNDATE-4.txt,"TRANSCRIPT: Donald Trump Speaks to Reporters on Board Air Force One - October 27, 2025",,37554,2606,1006,0.3860322333077513,48,18.41903300076746,27,3,25,1,4,8,22,0,6,3,3,4,1,9
UNKNOWNDATE-5.txt,"TRANSCRIPT: Press Gaggle:  Trump: Speaks to Reporters On Air Force One - October 12, 2025",,27001,1859,678,0.36471221086605704,20,10.758472296933835,10,1,75,0,0,15,9,0,0,5,0,0,0,6
UNKNOWNDATE-6.txt,"TRANSCRIPT: Press Gaggle: Donald Trump Speaks to Reporters On Board Air Force One - July 1, 2025",,16550,1169,581,0.49700598802395207,18,15.397775876817793,12,8,0,1,4,8,7,0,3,4,2,1,1,0
UNKNOWNDATE-7.txt,"TRANSCRIPT: Press Gaggle: Donald Trump Speaks to Reporters After Air Force One Arrival - July 1, 2025",,11684,835,451,0.5401197604790419,1,1.1976047904191616,0,10,0,0,3,9,0,0,0,1,0,0,0,0
UNKNOWNDATE-8.txt,"TRANSCRIPT: Donald Trump Vlog: Air Traffic Control - June 27, 2025",,939,87,64,0.735632183908046,0,0.0,0,0,0,0,0,0,0,0,0,0,0,0,0,0
UNKNOWNDATE-9.txt,"TRANSCRIPT: Press Conference: Donald Trump Hosts a Press Conference at the White House - June 27, 2025",,59778,4337,1395,0.3216509107678118,87,20.05994927369149,58,15,55,1,53,24,35,15,7,13,2,6,1,8
